aod,lst,soil_moisture,pm10,pm25,O3,NDVI,elevation,surface_pressure
1.033,25.53,0.3210715651512146,112.0,182.0,0.1312709450720719,0.16474002875,1353,83796.53515625
0.173,24.39,0.3339778184890747,50.0,98.0,0.1145778000354282,0.14820391875,1353,84271.48046875
0.158,24.39,0.3339778184890747,50.0,98.0,0.1145778000354282,0.14820391875,1353,84271.48046875
0.181,25.27,0.3317751884460449,36.0,89.0,0.1109109404263777,0.1470975225,1353,84351.18359375
0.284,25.27,0.3317751884460449,36.0,89.0,0.1109109404263777,0.1470975225,1353,84351.18359375
0.256,17.73,0.3280695080757141,63.0,137.0,0.1131321787834945,0.085291095,1353,83872.8828125
0.178,17.73,0.3280695080757141,63.0,137.0,0.1131321787834945,0.085291095,1353,83872.8828125
0.265,17.49,0.3177971541881561,69.0,145.0,0.1128904681121868,0.0852168146875,1353,83750.51171875
0.37,17.49,0.3177971541881561,69.0,145.0,0.1128904681121868,0.0852168146875,1353,83750.51171875
0.461,16.51,0.3511341214179992,71.0,160.0,0.1173851862548868,0.0850682540625,1353,83919.88671875
0.48,16.51,0.3511341214179992,71.0,160.0,0.1173851862548868,0.0850682540625,1353,83919.88671875
0.707,13.89,0.3338740170001983,77.0,162.0,0.115144924634424,0.0849196934375,1353,84220.10546875
0.621,13.89,0.3338740170001983,77.0,162.0,0.115144924634424,0.0849196934375,1353,84220.10546875
0.367,15.51,0.3240546584129333,99.0,161.0,0.1142614707351516,0.0848454131249999,1353,84211.97265625
0.249,15.51,0.3240546584129333,99.0,161.0,0.1142614707351516,0.0848454131249999,1353,84211.97265625
0.212,18.17,0.297307938337326,67.0,120.0,0.1196376308798231,0.0846968525,1353,84125.6796875
0.099,18.17,0.297307938337326,67.0,120.0,0.1196376308798231,0.0846968525,1353,84125.6796875
0.578,17.79,0.2895528376102447,117.0,134.0,0.111437984433601,0.084548291875,1353,84189.04296875
0.534,17.79,0.2895528376102447,117.0,134.0,0.111437984433601,0.084548291875,1353,84189.04296875
0.224,20.85,0.3046273291110992,71.0,136.0,0.1083296997378087,0.0843254509374999,1353,84141.17578125
0.113,20.85,0.3046273291110992,71.0,136.0,0.1083296997378087,0.0843254509374999,1353,84141.17578125
0.206,19.95,0.2945503890514374,69.0,133.0,0.1100970879197486,0.084251170625,1353,84009.10546875
0.247,19.95,0.2945503890514374,69.0,133.0,0.1100970879197486,0.084251170625,1353,84009.10546875
0.292,20.25,0.2874540388584137,82.0,139.0,0.1080960035324839,0.0841768903124999,1353,84150.4765625
0.285,20.25,0.2874540388584137,82.0,139.0,0.1080960035324839,0.0841768903124999,1353,84150.4765625
0.3,21.45,0.2797444462776184,77.0,146.0,0.1079346910119798,0.083560344375,1353,84057.828125
0.342,21.45,0.2797444462776184,77.0,146.0,0.1079346910119798,0.083560344375,1353,84057.828125
0.294,20.57,0.3228788077831268,179.0,128.0,0.1092468574642285,0.08301807875,1353,83980.1953125
0.273,20.57,0.3228788077831268,179.0,128.0,0.1092468574642285,0.08301807875,1353,83980.1953125
0.285,21.09,0.3232020437717438,151.0,136.0,0.1155048453149939,0.0824758131249999,1353,84051.109375
0.333,21.09,0.3232020437717438,151.0,136.0,0.1155048453149939,0.0824758131249999,1353,84051.109375
0.332,19.73,0.3001216948032379,125.0,151.0,0.1171816065907867,0.0819335475,1353,84092.50390625
0.199,19.73,0.3001216948032379,125.0,151.0,0.1171816065907867,0.0819335475,1353,84092.50390625
0.478,20.45,0.3307776749134063,114.0,156.0,0.1100950531790638,0.0808490162499999,1353,83800.75390625
0.561,20.45,0.3307776749134063,114.0,156.0,0.1100950531790638,0.0808490162499999,1353,83800.75390625
0.52,20.67,0.3338046669960022,69.0,148.0,0.1089165210724238,0.079764485,1353,83643.85546875
0.301,22.47,0.3057393133640289,171.0,138.0,0.1151137277483453,0.077053156875,1353,83846.98046875
0.389,16.93,0.3141592442989349,92.0,149.0,0.1139454618095465,0.0765108912499999,1353,83682.47265625
0.338,16.93,0.3141592442989349,92.0,149.0,0.1139454618095465,0.0765108912499999,1353,83682.47265625
0.455,20.47,0.3198533356189728,129.0,151.0,0.1187885627150402,0.075968625625,1353,84040.87109375
0.381,20.47,0.3198533356189728,129.0,151.0,0.1187885627150402,0.075968625625,1353,84040.87109375
0.45,21.59,0.3003232181072235,108.0,141.0,0.1195777356625372,0.07542636,1353,83963.78515625
0.348,21.59,0.3003232181072235,108.0,141.0,0.1195777356625372,0.07542636,1353,83963.78515625
0.459,21.97,0.2690469622611999,81.0,151.0,0.12407084117435,0.0765682018749999,1353,84185.2734375
0.493,23.05,0.2642864882946014,75.0,150.0,0.1190868318080768,0.07771004375,1353,84363.98046875
0.418,23.05,0.2642864882946014,75.0,150.0,0.1190868318080768,0.07771004375,1353,84363.98046875
0.677,24.09,0.2585147321224212,84.0,144.0,0.1150543546061113,0.0799937275,1353,84247.03515625
0.649,24.09,0.2585147321224212,84.0,144.0,0.1150543546061113,0.0799937275,1353,84247.03515625
0.549,21.83,0.2682358920574188,94.0,148.0,0.1153336614371087,0.081135569375,1353,84110.16796875
0.854,21.83,0.2682358920574188,94.0,148.0,0.1153336614371087,0.081135569375,1353,84110.16796875
0.428,21.27,0.2957735955715179,157.0,153.0,0.1158778594983248,0.083419253125,1353,83898.02734375
0.326,23.81,0.2892594635486603,129.0,162.0,0.1164678844482398,0.084561095,1353,83804.3515625
0.403,24.83,0.3183768987655639,59.0,152.0,0.1192299281230024,0.085702936875,1353,84109.92578125
0.438,24.83,0.3183768987655639,59.0,152.0,0.1192299281230024,0.085702936875,1353,84109.92578125
1.002,23.65,0.300700694322586,34.0,1.0,0.1260709762572653,0.087986620625,1353,84543.015625
0.892,28.81,0.2507630288600921,130.0,205.0,0.1295551657677587,0.127169605625,1353,84012.71484375
1.364,28.81,0.2507630288600921,130.0,205.0,0.1295551657677587,0.127169605625,1353,84012.71484375
1.085,27.99,0.2527356147766113,133.0,191.0,0.1300590783357012,0.126608285,1353,84019.75390625
1.052,27.99,0.2527356147766113,133.0,191.0,0.1300590783357012,0.126608285,1353,84019.75390625
1.221,29.97,0.2185594141483307,116.0,180.0,0.1299572392460418,0.126046964375,1353,83867.17578125
1.056,29.97,0.2185594141483307,116.0,180.0,0.1299572392460418,0.126046964375,1353,83867.17578125
0.93,30.77,0.2425598502159118,133.0,176.0,0.1285680871590636,0.123801681875,1353,83869.59765625
1.274,30.77,0.2425598502159118,133.0,176.0,0.1285680871590636,0.123801681875,1353,83869.59765625
1.52,28.71,0.2270295768976211,149.0,173.0,0.1287986338138035,0.12324036125,1353,84024.171875
1.017,29.65,0.1922207623720169,152.0,177.0,0.1301267445087865,0.122679040625,1353,83649.46875
1.831,29.65,0.1922207623720169,152.0,177.0,0.1301267445087865,0.122679040625,1353,83649.46875
1.325,32.75,0.1987614780664444,220.0,170.0,0.1285473577971196,0.12211772,1353,83393.98828125
1.874,32.75,0.1987614780664444,220.0,170.0,0.1285473577971196,0.12211772,1353,83393.98828125
0.373,33.91,0.2108071893453598,111.0,159.0,0.1303642243146345,0.12673546375,1353,83524.5546875
0.435,23.61,0.335638016462326,69.0,111.0,0.1264530569313972,0.1567507981249999,1353,83613.328125
0.336,30.95,0.2987993061542511,87.0,109.0,0.1255369806747631,0.15905967,1353,83563.109375
0.375,30.55,0.2551050186157226,130.0,138.0,0.123340219259303,0.1576390587499999,1353,83655.4453125
0.381,33.17,0.2470146417617797,184.0,136.0,0.1242879798082507,0.156928753125,1353,83700.86328125
0.493,33.17,0.2470146417617797,184.0,136.0,0.1242879798082507,0.156928753125,1353,83700.86328125
0.551,29.01,0.2030805498361587,124.0,142.0,0.1219089499656124,0.1562184475,1353,83668.921875
0.322,34.69,0.2145442217588424,125.0,144.0,0.1259926297709067,0.1555081418749999,1353,83907.8046875
0.421,34.69,0.2145442217588424,125.0,144.0,0.1259926297709067,0.1555081418749999,1353,83907.8046875
1.056,30.39,0.1999551057815551,92.0,159.0,0.1314102709293218,0.15479783625,1353,83926.58984375
1.22,30.39,0.1999551057815551,92.0,159.0,0.1314102709293218,0.15479783625,1353,83926.58984375
1.24,28.61,0.1910356134176254,108.0,155.0,0.1319680809975108,0.154087530625,1353,83890.3359375
1.027,23.69,0.3162586092948913,63.0,107.0,0.1275510489941067,0.14911539125,1353,83638.10546875
0.302,33.65,0.2553012073040008,65.0,111.0,0.122878305613899,0.1589486299999999,1353,83967.2421875
0.326,33.17,0.2238870859146118,90.0,130.0,0.1248497739435045,0.1617620924999999,1353,83600.5703125
0.36,36.05,0.2194513827562332,87.0,122.0,0.1304688900709585,0.16316882375,1353,83570.8515625
0.279,36.49,0.186909332871437,74.0,102.0,0.1307288900563764,0.16598228625,1353,83749.3671875
0.545,32.53,0.1758679449558258,62.0,118.0,0.1280951597224614,0.1687957487499999,1353,83620.87109375
0.382,36.69,0.1635935753583908,84.0,118.0,0.126398637890897,0.1715793612499999,1353,83351.75
0.508,29.13,0.2790713012218475,38.0,95.0,0.1232469826935762,0.177775326875,1353,83415.7578125
0.369,33.13,0.3965999186038971,18.0,52.0,0.1211141355908999,0.2145841425,1353,83743.8984375
0.542,29.91,0.3860905468463897,40.0,90.0,0.1223540328575989,0.214905605,1353,83749.5859375
0.256,29.89,0.3889342546463012,21.0,56.0,0.1228221634543264,0.2153556525,1353,83583.94921875
0.437,24.93,0.400704026222229,32.0,46.0,0.1226624408971474,0.21538779875,1353,83751.37109375
0.352,27.17,0.3880419731140136,35.0,49.0,0.122196502983513,0.215419945,1353,83838.3046875
0.353,29.65,0.363838642835617,30.0,67.0,0.1238372325896638,0.2134731124999999,1353,83870.796875
0.877,25.63,0.3749174177646637,47.0,101.0,0.1183864176272424,0.18781465,1353,83999.90625
0.646,26.41,0.3674461543560028,36.0,90.0,0.1209402903915229,0.1808168875,1353,84196.3203125
0.582,25.31,0.3646256327629089,31.0,87.0,0.1229606047272544,0.1784843,1353,84303.12890625
0.387,26.03,0.3554690182209015,36.0,82.0,0.1210541207886714,0.17784247875,1353,84021.24609375
0.446,26.03,0.3554690182209015,36.0,82.0,0.1210541207886714,0.17784247875,1353,84021.24609375
0.419,24.67,0.3880838751792907,20.0,63.0,0.1218790484235755,0.1772006575,1353,84225.59375
0.332,24.37,0.3638220131397247,19.0,63.0,0.1213873997331446,0.17655883625,1353,84303.60546875
0.304,24.17,0.3587239980697632,21.0,59.0,0.117297132152038,0.176237925625,1353,84293.29296875
0.317,24.17,0.3587239980697632,21.0,59.0,0.117297132152038,0.176237925625,1353,84293.29296875
0.327,24.85,0.3555949628353119,20.0,59.0,0.1189192980527374,0.175917015,1353,84406.52734375
0.263,24.85,0.3555949628353119,20.0,59.0,0.1189192980527374,0.175917015,1353,84406.52734375
0.276,24.81,0.3486894071102142,22.0,62.0,0.1218846222196281,0.175596104375,1353,84380.3671875
0.188,24.81,0.3486894071102142,22.0,62.0,0.1218846222196281,0.175596104375,1353,84380.3671875
0.323,24.95,0.3358170390129089,20.0,61.0,0.1233584359288077,0.174954283125,1353,84258.140625
0.192,24.95,0.3358170390129089,20.0,61.0,0.1233584359288077,0.174954283125,1353,84258.140625
0.202,24.37,0.330968290567398,19.0,55.0,0.1226360623691811,0.1746333725,1353,84282.30859375
0.211,24.37,0.330968290567398,19.0,55.0,0.1226360623691811,0.1746333725,1353,84282.30859375
0.23,25.51,0.33156219124794,22.0,53.0,0.1180265918374034,0.174312461875,1353,84255.140625
0.225,25.51,0.33156219124794,22.0,53.0,0.1180265918374034,0.174312461875,1353,84255.140625
0.284,24.29,0.3298859596252441,26.0,59.0,0.1174776241934422,0.17399155125,1353,84235.48046875
0.315,23.63,0.3317245244979858,32.0,66.0,0.1164643969001593,0.173670640625,1353,84289.671875
0.186,24.43,0.326581746339798,26.0,72.0,0.121974274516054,0.173028819375,1353,84384.37109375
0.212,24.43,0.326581746339798,26.0,72.0,0.121974274516054,0.173028819375,1353,84384.37109375
0.213,25.67,0.3256177306175232,35.0,60.0,0.1233984082938472,0.17270790875,1353,84471.08203125
0.24,25.67,0.3256177306175232,35.0,60.0,0.1233984082938472,0.17270790875,1353,84471.08203125
0.205,23.79,0.3315300345420837,29.0,71.0,0.1214166300974952,0.1720660875,1353,84282.34375
0.125,23.79,0.3315300345420837,29.0,71.0,0.1214166300974952,0.1720660875,1353,84282.34375
0.29,23.89,0.3278741836547851,33.0,72.0,0.1205300234398971,0.171745176875,1353,84091.125
0.262,23.81,0.321518987417221,49.0,94.0,0.1203068251544451,0.171103355625,1353,84228.8359375
0.32,23.81,0.321518987417221,49.0,94.0,0.1203068251544451,0.171103355625,1353,84228.8359375
0.42,22.77,0.3195042610168457,42.0,128.0,0.1220925524830681,0.170782445,1353,84356.7421875
0.456,22.41,0.320089727640152,37.0,107.0,0.1211049482225859,0.170461534375,1353,84297.6953125
0.472,22.41,0.320089727640152,37.0,107.0,0.1211049482225859,0.170461534375,1353,84297.6953125
0.237,22.97,0.3147942721843719,37.0,91.0,0.1224508360028673,0.17014062375,1353,84174.75
0.165,22.97,0.3147942721843719,37.0,91.0,0.1224508360028673,0.17014062375,1353,84174.75
0.227,20.89,0.3101260960102081,41.0,88.0,0.1213942617178366,0.169819713125,1353,84189.55078125
0.189,20.89,0.3101260960102081,41.0,88.0,0.1213942617178366,0.169819713125,1353,84189.55078125
0.35,21.93,0.308780163526535,43.0,104.0,0.1204162985087268,0.1694988025,1353,84365.73046875
0.314,21.93,0.308780163526535,43.0,104.0,0.1204162985087268,0.1694988025,1353,84365.73046875
0.51,21.19,0.3121612668037414,37.0,103.0,0.1222719103098756,0.16885698125,1353,84427.8984375
0.329,22.33,0.3063347637653351,30.0,101.0,0.1204022738409001,0.168536070625,1353,84513.59765625
0.342,22.33,0.3063347637653351,30.0,101.0,0.1204022738409001,0.168536070625,1353,84513.59765625
0.286,22.77,0.3022751808166504,24.0,76.0,0.1233104318381203,0.166692351875,1353,84450.75
0.195,22.77,0.3022751808166504,24.0,76.0,0.1233104318381203,0.166692351875,1353,84450.75
0.179,21.93,0.3001832067966461,29.0,71.0,0.1204738169909351,0.16516954375,1353,84578.41015625
0.201,21.93,0.3001832067966461,29.0,71.0,0.1204738169909351,0.16516954375,1353,84578.41015625
0.21,22.85,0.2998789846897125,23.0,68.0,0.1218530833721024,0.163646735625,1353,84459.3046875
0.185,22.85,0.2998789846897125,23.0,68.0,0.1218530833721024,0.163646735625,1353,84459.3046875
0.253,21.37,0.2959460020065307,29.0,65.0,0.1188683062791691,0.160601119375,1353,84548.60546875
0.171,22.69,0.2957297265529632,30.0,76.0,0.116708008439263,0.15907831125,1353,84372.234375
0.215,20.61,0.2924010455608368,31.0,80.0,0.1189346769296409,0.157555503125,1353,84145.109375
0.215,20.61,0.2924010455608368,31.0,80.0,0.1189346769296409,0.157555503125,1353,84145.109375
0.287,20.79,0.2869239747524261,35.0,90.0,0.124979451298794,0.154509886875,1353,84130.296875
0.25,20.79,0.2869239747524261,35.0,90.0,0.124979451298794,0.154509886875,1353,84130.296875
0.285,21.71,0.2935852110385895,30.0,86.0,0.1172773851931073,0.151464270625,1353,84413.01171875
0.342,18.41,0.2838907539844513,32.0,92.0,0.1187694817780893,0.148418654375,1353,84447.3671875
0.253,21.25,0.2896235883235931,38.0,73.0,0.1272772550582291,0.145373038125,1353,84267.14453125
0.214,20.83,0.2681006789207458,29.0,91.0,0.1247772425413102,0.14080461375,1353,84323.4921875
0.124,20.83,0.2681006789207458,29.0,91.0,0.1247772425413102,0.14080461375,1353,84323.4921875
0.424,18.07,0.2626149952411651,33.0,101.0,0.1210275784014537,0.130144956875,1353,84074.765625
0.325,18.07,0.2626149952411651,33.0,101.0,0.1210275784014537,0.130144956875,1353,84074.765625
0.36,18.13,0.2658206522464752,40.0,99.0,0.1237700879574233,0.127099340625,1353,84102.27734375
0.366,17.75,0.2650844752788543,39.0,99.0,0.1338434964418856,0.1255765325,1353,83964.15625
0.335,16.47,0.2609484195709228,42.0,107.0,0.1324028372763968,0.12253091625,1353,84125.34375
0.258,16.47,0.2609484195709228,42.0,107.0,0.1324028372763968,0.12253091625,1353,84125.34375
0.385,16.75,0.256106287240982,48.0,112.0,0.1196685358881444,0.1194853,1353,84100.6328125
0.314,17.87,0.2376806139945984,58.0,112.0,0.1133598163724724,0.1194853,1353,84175.4140625
0.427,17.87,0.2376806139945984,58.0,112.0,0.1133598163724724,0.1194853,1353,84175.4140625
0.344,15.81,0.2375417649745941,70.0,121.0,0.1133398904955488,0.1194853,1353,84299.35546875
0.279,16.31,0.2434267699718475,55.0,138.0,0.1166083339393399,0.1194853,1353,84283.90234375
0.257,16.81,0.2332645505666732,50.0,140.0,0.1261404454708518,0.1194853,1353,84620.41796875
0.219,16.81,0.2332645505666732,50.0,140.0,0.1261404454708518,0.1194853,1353,84620.41796875
0.357,17.35,0.2214836925268173,52.0,131.0,0.1204726801734088,0.1194853,1353,84461.16796875
0.347,17.35,0.2214836925268173,52.0,131.0,0.1204726801734088,0.1194853,1353,84461.16796875
0.279,15.97,0.2296792119741439,48.0,126.0,0.1195401333275141,0.1194853,1353,84590.97265625
0.38,15.97,0.2296792119741439,48.0,126.0,0.1195401333275141,0.1194853,1353,84590.97265625
0.582,20.07,0.3178134560585022,68.0,134.0,0.1089188009500043,0.08502767625,1337,83849.85546875
0.318,21.51,0.3094014227390289,71.0,121.0,0.1158051714300619,0.08408683484375,1337,84046.98046875
0.351,21.51,0.3094014227390289,71.0,121.0,0.1158051714300619,0.08408683484375,1337,84046.98046875
0.413,17.15,0.3197744786739349,50.0,135.0,0.1135243275330411,0.0838986665625,1337,83879.47265625
0.444,17.15,0.3197744786739349,50.0,135.0,0.1135243275330411,0.0838986665625,1337,83879.47265625
0.811,22.67,0.2695010602474212,106.0,164.0,0.1156916245818933,0.0928621525,1337,84446.03515625
0.745,22.67,0.2695010602474212,106.0,164.0,0.1156916245818933,0.0928621525,1337,84446.03515625
0.685,21.87,0.2921616733074188,112.0,163.0,0.1188916191458199,0.095197108125,1337,84311.16796875
0.398,24.23,0.3094454705715179,41.0,105.0,0.1160500273107991,0.099867019375,1337,84093.02734375
0.366,24.23,0.3094454705715179,41.0,105.0,0.1160500273107991,0.099867019375,1337,84093.02734375
0.405,23.57,0.2854752838611603,96.0,75.0,0.1171556040645399,0.102201975,1337,84008.3515625
0.385,23.57,0.2854752838611603,96.0,75.0,0.1171556040645399,0.102201975,1337,84008.3515625
0.385,24.73,0.3123954534530639,71.0,151.0,0.118333517122095,0.104536930625,1337,84313.92578125
0.284,24.73,0.3123954534530639,71.0,151.0,0.118333517122095,0.104536930625,1337,84313.92578125
0.673,19.13,0.323208600282669,26.0,31.0,0.1297498047351231,0.1115417975,1337,84660.6640625
0.621,21.15,0.2965761721134186,57.0,53.0,0.1293637901543966,0.113876753125,1337,84604.32421875
0.721,22.27,0.2971060872077942,99.0,107.0,0.1227877885102652,0.11621170875,1337,84739.74609375
0.994,22.27,0.2971060872077942,99.0,107.0,0.1227877885102652,0.11621170875,1337,84739.74609375
0.837,20.97,0.2719537615776062,83.0,172.0,0.1220577433705193,0.118546664375,1337,84658.26953125
0.761,23.99,0.3063415586948395,87.0,171.0,0.1175713183405727,0.12088162,1337,84682.625
0.583,23.99,0.3063415586948395,87.0,171.0,0.1175713183405727,0.12088162,1337,84682.625
1.06,22.81,0.295933187007904,79.0,175.0,0.1161436129058483,0.122490080625,1337,84738.0625
0.496,25.45,0.2999738156795501,74.0,162.0,0.1157107874750601,0.12409854125,1337,84641.28125
0.488,25.45,0.2999738156795501,74.0,162.0,0.1157107874750601,0.12409854125,1337,84641.28125
0.546,25.65,0.2954950034618377,78.0,164.0,0.1149647696933612,0.125707001875,1337,84414.25390625
0.518,24.89,0.255846232175827,84.0,157.0,0.1123698875307911,0.1273154625,1337,84457.40234375
0.386,26.71,0.2828646004199981,75.0,152.0,0.1124550107124833,0.132140844375,1337,84486.0859375
0.389,26.71,0.2828646004199981,75.0,152.0,0.1124550107124833,0.132140844375,1337,84486.0859375
0.746,24.47,0.2560946643352508,80.0,158.0,0.1175935342908714,0.1337493049999999,1337,84543.7578125
0.823,23.79,0.2510228157043457,89.0,167.0,0.1177291296741958,0.135357765625,1337,84569.1015625
1.1,23.79,0.2510228157043457,89.0,167.0,0.1177291296741958,0.135357765625,1337,84569.1015625
0.733,27.15,0.2692916095256805,99.0,178.0,0.1173420399426917,0.13696622625,1337,84450.29296875
0.767,31.45,0.2840761840343475,36.0,94.0,0.1240435391665302,0.1871828848437499,1337,83605.7578125
0.449,31.45,0.2840761840343475,36.0,94.0,0.1240435391665302,0.1871828848437499,1337,83605.7578125
0.462,31.99,0.3686355948448181,36.0,71.0,0.1225100457668167,0.2090984753125,1337,83776.68359375
0.311,28.55,0.3535458743572235,44.0,55.0,0.1229990348218914,0.2247148565625,1337,83783.8359375
0.342,29.75,0.3521910905838012,25.0,59.0,0.1242507845162819,0.226897685,1337,83782.94921875
0.349,28.41,0.362496018409729,24.0,52.0,0.1234162387668444,0.2252562325,1337,83947.37109375
0.463,28.41,0.362496018409729,24.0,52.0,0.1234162387668444,0.2252562325,1337,83947.37109375
0.289,28.59,0.3334801495075226,30.0,43.0,0.1245520785451736,0.2055588025,1337,84052.04296875
0.396,29.37,0.322334736585617,32.0,60.0,0.1244132278666034,0.20343887125,1337,84067.796875
0.372,27.51,0.3624122440814972,10.0,29.0,0.1200368180871781,0.20008952,1337,83900.33984375
0.502,25.07,0.3284928202629089,58.0,129.0,0.1224448477965906,0.19626169,1337,84501.12890625
0.448,24.25,0.3207605183124542,58.0,129.0,0.1227839589119801,0.194579105,1337,84401.5390625
0.403,22.11,0.3159182369709015,58.0,129.0,0.1229296986005181,0.19289652,1337,84220.24609375
0.392,24.95,0.3421854376792907,58.0,129.0,0.123813956975978,0.18953135,1337,84430.59375
0.376,24.95,0.3182897865772247,58.0,129.0,0.1233082191883431,0.18616618,1337,84503.60546875
0.38,24.95,0.3182897865772247,58.0,129.0,0.1233082191883431,0.18616618,1337,84503.60546875
0.337,24.29,0.3095296621322632,58.0,129.0,0.1186087056993515,0.184483595,1337,84491.29296875
0.364,24.29,0.3095296621322632,58.0,129.0,0.1186087056993515,0.184483595,1337,84491.29296875
0.333,25.11,0.3120158612728119,58.0,129.0,0.1185627579689419,0.1828010099999999,1337,84608.52734375
0.281,25.29,0.3016923367977142,58.0,129.0,0.1221378296613556,0.181118425,1337,84582.3671875
0.216,25.29,0.3016923367977142,58.0,129.0,0.1221378296613556,0.181118425,1337,84582.3671875
0.347,25.47,0.2874771952629089,58.0,129.0,0.1234914496579837,0.177753255,1337,84460.140625
0.293,25.47,0.2874771952629089,58.0,129.0,0.1234914496579837,0.177753255,1337,84460.140625
0.213,24.95,0.280553251504898,58.0,129.0,0.1215798705817104,0.1760706699999999,1337,84480.30859375
0.25,26.25,0.28725066781044,58.0,129.0,0.1173144594829409,0.174388085,1337,84455.140625
0.305,25.09,0.2836213111877441,58.0,129.0,0.1178477928043588,0.1727055,1337,84437.48046875
0.31,24.47,0.2775253057479858,58.0,129.0,0.1162330195370989,0.171022915,1337,84491.671875
0.289,24.47,0.2775253057479858,58.0,129.0,0.1162330195370989,0.171022915,1337,84491.671875
0.202,25.47,0.268476277589798,58.0,129.0,0.1217044764549271,0.167657745,1337,84587.37109375
0.23,25.47,0.268476277589798,58.0,129.0,0.1217044764549271,0.167657745,1337,84587.37109375
0.213,26.43,0.2677564024925232,58.0,129.0,0.1237298846246047,0.16597516,1337,84673.08203125
0.189,24.25,0.2756814062595367,58.0,129.0,0.1207675784827055,0.1626099899999999,1337,84477.34375
0.147,24.25,0.2756814062595367,58.0,129.0,0.1207675784827055,0.1626099899999999,1337,84477.34375
0.273,25.23,0.2704832255840301,58.0,129.0,0.1200189575901872,0.160927405,1337,84288.125
0.289,23.67,0.2644156813621521,58.0,129.0,0.1210224628447974,0.157562235,1337,84433.8359375
0.323,23.67,0.2644156813621521,58.0,129.0,0.1210224628447974,0.157562235,1337,84433.8359375
0.431,22.83,0.2606632709503174,58.0,129.0,0.1218514516950058,0.15587965,1337,84556.7421875
0.501,22.43,0.2647989690303802,58.0,129.0,0.1217197328805895,0.154197065,1337,84498.6953125
0.281,23.35,0.2612446844577789,58.0,129.0,0.1232242062688666,0.15251448,1337,84372.75
0.136,23.35,0.2612446844577789,58.0,129.0,0.1232242062688666,0.15251448,1337,84372.75
0.251,22.15,0.2532636225223541,58.0,129.0,0.1203253226447221,0.150831895,1337,84392.55078125
0.267,22.15,0.2532636225223541,58.0,129.0,0.1203253226447221,0.150831895,1337,84392.55078125
0.384,22.11,0.247391328215599,58.0,129.0,0.1197439219530578,0.14914931,1337,84563.73046875
0.311,22.11,0.247391328215599,58.0,129.0,0.1197439219530578,0.14914931,1337,84563.73046875
0.443,21.89,0.2498443573713302,58.0,129.0,0.1199352592230667,0.147466725,1337,84602.28125
0.491,21.63,0.2532900869846344,58.0,129.0,0.122133072621791,0.14578414,1337,84633.8984375
0.509,21.63,0.2532900869846344,58.0,129.0,0.122133072621791,0.14578414,1337,84633.8984375
0.337,22.49,0.2475987374782562,58.0,129.0,0.1193589212204037,0.144101555,1337,84716.59765625
0.29,22.49,0.2475987374782562,58.0,129.0,0.1193589212204037,0.144101555,1337,84716.59765625
0.311,21.95,0.2475671023130417,58.0,129.0,0.1197088047306526,0.14241897,1337,84690.03125
0.276,21.95,0.2475671023130417,58.0,129.0,0.1197088047306526,0.14241897,1337,84690.03125
0.328,22.87,0.2480546087026596,58.0,129.0,0.1234648408247485,0.1412162626875,1337,84651.75
0.227,22.87,0.2480546087026596,58.0,129.0,0.1234648408247485,0.1412162626875,1337,84651.75
0.206,22.49,0.2470605671405792,58.0,129.0,0.1213392540812895,0.140013555375,1337,84781.41015625
0.109,22.49,0.2470605671405792,58.0,129.0,0.1213392540812895,0.140013555375,1337,84781.41015625
0.222,22.35,0.246637687087059,58.0,129.0,0.1230484408075045,0.1388108480625,1337,84658.3046875
0.267,21.75,0.2410648167133331,58.0,129.0,0.1198074494808755,0.1364054334375,1337,84745.60546875
0.231,22.57,0.2402915358543396,58.0,129.0,0.1166864410042269,0.135202726125,1337,84571.234375
0.249,20.87,0.2352171242237091,58.0,129.0,0.1201488673687753,0.1340000188125,1337,84343.109375
0.3,20.19,0.23255255818367,58.0,129.0,0.1227311119436644,0.1315946041875,1337,84331.296875
0.295,20.19,0.23255255818367,58.0,129.0,0.1227311119436644,0.1315946041875,1337,84331.296875
0.341,22.25,0.2409233450889587,58.0,129.0,0.1177723929286394,0.1291891895625,1337,84620.01171875
0.379,22.25,0.2409233450889587,58.0,129.0,0.1177723929286394,0.1291891895625,1337,84620.01171875
0.232,20.89,0.2416451573371887,47.0,96.0,0.1254023164509751,0.1243783603125,1337,84467.14453125
0.303,20.89,0.2416451573371887,47.0,96.0,0.1254023164509751,0.1243783603125,1337,84467.14453125
0.214,20.33,0.216932475566864,33.0,106.0,0.1237456386513348,0.1219729456875,1337,84534.8671875
0.139,20.33,0.216932475566864,33.0,106.0,0.1237456386513348,0.1219729456875,1337,84534.8671875
0.241,20.57,0.2162663340568542,39.0,90.0,0.1249115318059393,0.120770238375,1337,84525.4921875
0.087,20.57,0.2162663340568542,39.0,90.0,0.1249115318059393,0.120770238375,1337,84525.4921875
0.329,17.63,0.2170818299055099,39.0,110.0,0.1215479597449166,0.1123512871875,1337,84274.765625
0.301,16.37,0.2219505310058593,40.0,106.0,0.1225193291902949,0.111148579875,1337,84088.03125
0.319,16.37,0.2219505310058593,40.0,106.0,0.1225193291902949,0.111148579875,1337,84088.03125
0.335,17.87,0.216804563999176,39.0,110.0,0.1233130693435531,0.1099458725624999,1337,84304.27734375
0.335,17.07,0.2171449363231659,36.0,108.0,0.1330041533378925,0.10874316525,1337,84166.15625
0.271,17.07,0.2171449363231659,36.0,108.0,0.1330041533378925,0.10874316525,1337,84166.15625
0.319,17.21,0.226459190249443,53.0,124.0,0.130456969142044,0.106337750625,1337,84332.34375
0.217,17.21,0.226459190249443,53.0,124.0,0.130456969142044,0.106337750625,1337,84332.34375
0.398,17.03,0.2136819064617157,44.0,128.0,0.1189163923262624,0.103932336,1337,84296.6328125
0.307,18.39,0.1932774931192398,41.0,119.0,0.1127258076465375,0.103932336,1337,84377.4140625
0.256,18.39,0.1932774931192398,41.0,119.0,0.1127258076465375,0.103932336,1337,84377.4140625
0.386,15.75,0.2016229778528213,40.0,111.0,0.112676053547912,0.103932336,1337,84378.3359375
0.296,16.09,0.1886289417743683,50.0,109.0,0.1145422534838674,0.103932336,1337,84500.35546875
0.309,16.09,0.1886289417743683,50.0,109.0,0.1145422534838674,0.103932336,1337,84500.35546875
0.279,15.79,0.1965533196926117,45.0,130.0,0.1166759431362539,0.103932336,1337,84487.90234375
0.246,16.77,0.1890970021486282,43.0,125.0,0.1272188723088185,0.103932336,1337,84826.41796875
0.273,16.77,0.1890970021486282,43.0,125.0,0.1272188723088185,0.103932336,1337,84826.41796875
0.295,14.67,0.1727126687765121,48.0,114.0,0.1238262429834263,0.103932336,1337,84716.4140625
0.349,16.99,0.1794720590114593,43.0,128.0,0.1209485158324213,0.103932336,1337,84668.16796875
0.27,16.99,0.1794720590114593,43.0,128.0,0.1209485158324213,0.103932336,1337,84668.16796875
0.299,16.23,0.1914393156766891,34.0,115.0,0.1203975304100163,0.103932336,1337,84796.97265625
0.388,17.37,0.3292959630489349,109.0,158.0,0.1139452191186873,0.0689931665,1328,83608.47265625
0.335,17.37,0.3292959630489349,109.0,158.0,0.1139452191186873,0.0689931665,1328,83608.47265625
0.48,19.63,0.3285203278064728,113.0,161.0,0.1188472476420901,0.07009971825,1328,83958.87109375
0.398,19.63,0.3285203278064728,113.0,161.0,0.1188472476420901,0.07009971825,1328,83958.87109375
0.466,20.87,0.3158261477947235,112.0,151.0,0.1178318336605475,0.07120627,1328,83871.78515625
0.368,20.87,0.3158261477947235,112.0,151.0,0.1178318336605475,0.07120627,1328,83871.78515625
0.453,21.87,0.2862588763236999,126.0,155.0,0.1240604594350273,0.0718391834375,1328,84093.2734375
0.497,21.85,0.2913860976696014,105.0,163.0,0.1190868318080398,0.072472096875,1328,84273.98046875
0.428,21.85,0.2913860976696014,105.0,163.0,0.1190868318080398,0.072472096875,1328,84273.98046875
0.692,23.25,0.2734073102474212,106.0,161.0,0.1147199875349764,0.07373792375,1328,84158.03515625
0.646,23.25,0.2734073102474212,106.0,161.0,0.1147199875349764,0.07373792375,1328,84158.03515625
0.537,21.95,0.2900864779949188,112.0,163.0,0.1177708283066617,0.0743708371875,1328,84026.16796875
0.804,21.95,0.2900864779949188,112.0,163.0,0.1177708283066617,0.0743708371875,1328,84026.16796875
0.396,22.83,0.3150607049465179,102.0,160.0,0.1167033091187864,0.0756366640625,1328,83820.02734375
0.319,23.77,0.2965836822986603,101.0,159.0,0.1164488345384105,0.0762695774999999,1328,83729.3515625
0.384,24.27,0.3269218206405639,102.0,159.0,0.1192484572530612,0.0769024909375,1328,84028.92578125
0.443,24.27,0.3269218206405639,102.0,159.0,0.1192484572530612,0.0769024909375,1328,84028.92578125
0.938,23.09,0.317180186510086,85.0,165.0,0.1238829008332651,0.0781683178125,1328,84463.015625
0.766,18.77,0.331875592470169,104.0,161.0,0.1292613857486035,0.0788012312499999,1328,84370.6640625
0.62,21.73,0.3058535158634186,107.0,174.0,0.1288541108369282,0.0794341446875,1328,84319.32421875
0.803,22.33,0.2966178059577942,104.0,176.0,0.1213426589861214,0.0800670581249999,1328,84460.74609375
0.715,21.07,0.2764703631401062,101.0,172.0,0.1246261447667548,0.0806999715625,1328,84373.26953125
0.699,24.07,0.3261169493198395,103.0,170.0,0.1166340926103298,0.081332885,1328,84395.625
0.321,26.11,0.2931378781795501,95.0,176.0,0.1159387379885516,0.0852280059374999,1328,84364.28125
0.518,25.07,0.2924432456493377,97.0,168.0,0.1141686141490403,0.0871755664062499,1328,84137.25390625
0.302,25.99,0.260118693113327,109.0,155.0,0.1117694515428708,0.0891231268749999,1328,84182.40234375
0.213,27.31,0.2918978035449981,87.0,153.0,0.1145301684737992,0.09496580828125,1328,84198.0859375
0.402,27.31,0.2918978035449981,87.0,153.0,0.1145301684737992,0.09496580828125,1328,84198.0859375
0.651,24.89,0.2709872424602508,96.0,155.0,0.1181470426782494,0.0969133687499999,1328,84245.7578125
0.851,22.37,0.2734837532043457,105.0,168.0,0.1173557655990357,0.0988609292187499,1328,84275.1015625
0.661,25.89,0.2702681720256805,111.0,180.0,0.1187972426413987,0.1008084896874999,1328,84167.29296875
0.378,27.17,0.3782864511013031,88.0,137.0,0.1251835581495609,0.1222316548437499,1328,83761.26953125
0.549,25.55,0.370451271533966,86.0,141.0,0.1255734728171831,0.1241792153125,1328,83982.42578125
0.247,27.39,0.3567064106464386,84.0,132.0,0.1250779766668141,0.1261267757812499,1328,83781.50390625
0.241,27.39,0.3567064106464386,84.0,132.0,0.1250779766668141,0.1261267757812499,1328,83781.50390625
0.332,28.53,0.3493278920650482,88.0,138.0,0.1300880014896825,0.1280743362499999,1328,83647.5078125
0.424,28.53,0.3493278920650482,88.0,138.0,0.1300880014896825,0.1280743362499999,1328,83647.5078125
0.326,25.87,0.3415624499320984,99.0,147.0,0.1328127723314936,0.1300218967187499,1328,83722.9375
0.404,25.87,0.3415624499320984,99.0,147.0,0.1328127723314936,0.1300218967187499,1328,83722.9375
0.569,25.39,0.3295684158802032,108.0,164.0,0.1293836534022278,0.1319694571874999,1328,83907.83984375
1.017,26.35,0.3085769712924957,90.0,171.0,0.1305707842111035,0.13391701765625,1328,83736.08984375
1.178,24.99,0.3032175302505493,51.0,162.0,0.1290464907090144,0.135864578125,1328,83842.08203125
0.402,26.09,0.3648875057697296,64.0,101.0,0.1275743043636232,0.14170725953125,1328,83457.7890625
0.33,25.37,0.3430013358592987,71.0,113.0,0.1235246062278225,0.14365482,1328,83614.6640625
0.31,25.37,0.3430013358592987,71.0,113.0,0.1235246062278225,0.14365482,1328,83614.6640625
0.21,28.87,0.3206446170806885,90.0,126.0,0.1260585486889752,0.141887413125,1328,83590.52734375
0.474,28.87,0.3206446170806885,90.0,126.0,0.1260585486889752,0.141887413125,1328,83590.52734375
0.334,28.45,0.3076414167881012,107.0,145.0,0.1236573967160057,0.1401200062499999,1328,83841.72265625
0.371,28.63,0.2869529724121094,114.0,162.0,0.1327965493396503,0.138352599375,1328,84043.91015625
0.672,28.63,0.2869529724121094,114.0,162.0,0.1327965493396503,0.138352599375,1328,84043.91015625
1.522,25.83,0.2704654335975647,115.0,167.0,0.1280491948127205,0.134817785625,1328,84156.5078125
0.991,25.83,0.2704654335975647,115.0,167.0,0.1280491948127205,0.134817785625,1328,84156.5078125
0.17,33.33,0.2628445327281952,134.0,156.0,0.126682966947637,0.13305037875,1328,83958.40234375
0.933,29.21,0.2398377507925033,143.0,181.0,0.1295551657676552,0.131282971875,1328,83933.71484375
1.321,29.21,0.2398377507925033,143.0,181.0,0.1295551657676552,0.131282971875,1328,83933.71484375
1.01,28.77,0.2395520359277725,147.0,186.0,0.1303732034011198,0.129515565,1328,83940.75390625
1.172,28.77,0.2395520359277725,147.0,186.0,0.1303732034011198,0.129515565,1328,83940.75390625
1.231,29.97,0.2047654688358307,120.0,177.0,0.130160123109959,0.1277481581249999,1328,83790.17578125
1.209,30.59,0.2321228384971618,141.0,173.0,0.1284602731467176,0.120678530625,1328,83781.59765625
1.534,29.07,0.2165315300226211,151.0,170.0,0.1298103183507774,0.1189111237499999,1328,83941.171875
0.953,30.17,0.1844082623720169,141.0,172.0,0.128939340333955,0.117143716875,1328,83571.46875
1.85,30.17,0.1844082623720169,141.0,172.0,0.128939340333955,0.117143716875,1328,83571.46875
1.217,33.29,0.1879582554101944,160.0,167.0,0.1282743364572951,0.11537631,1328,83321.98828125
1.925,33.29,0.1879582554101944,160.0,167.0,0.1282743364572951,0.11537631,1328,83321.98828125
0.329,34.29,0.2021401971578598,101.0,155.0,0.1303642243147792,0.11748135375,1328,83449.5546875
0.482,25.03,0.330633133649826,64.0,106.0,0.1264777356937697,0.131164138125,1328,83532.328125
0.297,31.75,0.2941606342792511,80.0,100.0,0.1255744844674923,0.13221666,1328,83483.109375
0.741,31.75,0.2609433829784393,92.0,121.0,0.125699162483257,0.135641378125,1328,83540.07421875
0.324,30.47,0.2520532608032226,106.0,123.0,0.1233402192593414,0.13906609625,1328,83579.4453125
0.352,34.39,0.2404838800430297,115.0,129.0,0.1242982894182618,0.142490814375,1328,83621.86328125
0.476,34.39,0.2404838800430297,115.0,129.0,0.1242982894182618,0.142490814375,1328,83621.86328125
0.539,29.99,0.1922773271799087,104.0,128.0,0.1234169903603768,0.1459155325,1328,83588.921875
0.27,35.09,0.2033747881650924,108.0,133.0,0.1258942931889955,0.149340250625,1328,83825.8046875
0.352,35.09,0.2033747881650924,108.0,133.0,0.1258942931889955,0.149340250625,1328,83825.8046875
1.056,30.91,0.1868325471878051,97.0,152.0,0.131374960826927,0.15276496875,1328,83833.58984375
1.207,30.91,0.1868325471878051,97.0,152.0,0.131374960826927,0.15276496875,1328,83833.58984375
1.197,29.63,0.1770585626363754,82.0,157.0,0.1302981781367856,0.156189686875,1328,83798.3359375
0.983,23.27,0.3121082186698913,64.0,108.0,0.1274793053576441,0.1801627137499999,1328,83557.10546875
0.224,34.49,0.2500521838665008,79.0,106.0,0.1228783056139808,0.1577566249999999,1328,83885.2421875
0.337,33.83,0.2201639413833618,99.0,119.0,0.1251224382321902,0.15044274375,1328,83523.5703125
0.363,36.29,0.2093805819749832,111.0,116.0,0.1305484472344498,0.146785803125,1328,83491.8515625
0.462,29.47,0.1741420924663543,100.0,117.0,0.1366026252509102,0.1431288625,1328,83627.2109375
0.159,37.35,0.177815094590187,98.0,112.0,0.1329571753739276,0.139471921875,1328,83669.3671875
0.515,32.85,0.1574963629245758,76.0,118.0,0.1277707666157682,0.132158040625,1328,83539.87109375
0.277,37.43,0.1502879112958908,74.0,122.0,0.126398637890897,0.12989123875,1328,83269.75
0.5,32.27,0.4074539542198181,25.0,69.0,0.1235565915702812,0.172926999375,1328,83501.68359375
0.529,30.87,0.3803532421588897,34.0,79.0,0.1223611264509087,0.1727513775,1328,83668.5859375
0.519,26.91,0.396431565284729,19.0,47.0,0.1224697455763298,0.16724667375,1328,83671.37109375
0.42,26.91,0.396431565284729,19.0,47.0,0.1224697455763298,0.16724667375,1328,83671.37109375
0.374,29.67,0.3841357231140136,23.0,43.0,0.121989924552391,0.1654586049999999,1328,83762.3046875
0.31,30.59,0.355415791273117,33.0,61.0,0.1238372325897628,0.143551858125,1328,83783.796875
0.446,27.53,0.3923194706439972,6.0,31.0,0.1189157366752121,0.140402405,1328,83627.33984375
0.614,27.79,0.3625633418560028,59.0,122.0,0.1219355248787709,0.137252951875,1328,84114.3203125
0.559,27.83,0.3542077839374542,53.0,120.0,0.1222512051463099,0.136298571875,1328,84119.5390625
0.472,27.83,0.3542077839374542,53.0,120.0,0.1222512051463099,0.136298571875,1328,84119.5390625
0.409,26.31,0.3505862057209015,59.0,108.0,0.121079131960909,0.13579411375,1328,83941.24609375
0.404,26.31,0.3505862057209015,59.0,108.0,0.121079131960909,0.13579411375,1328,83941.24609375
0.409,24.61,0.3827127814292907,47.0,83.0,0.1218802034855672,0.1347851974999999,1328,84144.59375
0.323,25.11,0.3579626381397247,49.0,89.0,0.1213873997331068,0.13377628125,1328,84224.60546875
0.432,25.11,0.3579626381397247,49.0,89.0,0.1213873997331068,0.13377628125,1328,84224.60546875
0.346,24.25,0.3509114980697632,49.0,88.0,0.1172539740801663,0.133271823125,1328,84216.29296875
0.316,25.33,0.3499797284603119,49.0,88.0,0.1189192980527322,0.132767365,1328,84321.52734375
0.27,25.33,0.3499797284603119,49.0,88.0,0.1189192980527322,0.132767365,1328,84321.52734375
0.289,25.73,0.3419755399227142,45.0,92.0,0.1200900599360331,0.132262906875,1328,84295.3671875
0.174,25.73,0.3419755399227142,45.0,92.0,0.1200900599360331,0.132262906875,1328,84295.3671875
0.206,25.47,0.3292252421379089,41.0,83.0,0.1235448323210642,0.1312539906249999,1328,84172.140625
0.211,24.71,0.323888212442398,34.0,73.0,0.1219030544161281,0.1307495325,1328,84195.30859375
0.216,24.71,0.323888212442398,34.0,73.0,0.1219030544161281,0.1307495325,1328,84195.30859375
0.239,26.21,0.32716765999794,38.0,68.0,0.1180265918373562,0.130245074375,1328,84169.140625
0.232,26.21,0.32716765999794,38.0,68.0,0.1180265918373562,0.130245074375,1328,84169.140625
0.279,25.03,0.3269562721252441,46.0,75.0,0.1185553289444665,0.12974061625,1328,84149.48046875
0.296,23.61,0.3268417119979858,57.0,86.0,0.11905457272068,0.129236158125,1328,84202.671875
0.297,23.61,0.3268417119979858,57.0,86.0,0.11905457272068,0.129236158125,1328,84202.671875
0.186,24.53,0.321332722902298,54.0,98.0,0.1215824134805427,0.128227241875,1328,84296.37109375
0.209,24.53,0.321332722902298,54.0,98.0,0.1215824134805427,0.128227241875,1328,84296.37109375
0.188,26.07,0.3196362853050232,63.0,88.0,0.123398408293765,0.12772278375,1328,84386.08203125
0.227,26.07,0.3196362853050232,63.0,88.0,0.123398408293765,0.12772278375,1328,84386.08203125
0.19,24.13,0.3260582089424133,51.0,96.0,0.1212456053486471,0.1267138675,1328,84203.34375
0.136,24.13,0.3260582089424133,51.0,96.0,0.1212456053486471,0.1267138675,1328,84203.34375
0.309,24.27,0.3223348557949066,56.0,96.0,0.1204760125189903,0.126209409375,1328,84011.125
0.29,24.27,0.3223348557949066,56.0,96.0,0.1204760125189903,0.126209409375,1328,84011.125
0.265,24.01,0.3163270056247711,79.0,131.0,0.1203584223985163,0.125200493125,1328,84140.8359375
0.371,24.01,0.3163270056247711,79.0,131.0,0.1203584223985163,0.125200493125,1328,84140.8359375
0.465,22.39,0.3144364356994629,70.0,155.0,0.1220925524830301,0.124696035,1328,84270.7421875
0.545,22.39,0.3144364356994629,70.0,155.0,0.1220925524830301,0.124696035,1328,84270.7421875
0.484,22.73,0.314640074968338,64.0,141.0,0.1213980815870698,0.124191576875,1328,84213.6953125
0.473,22.73,0.314640074968338,64.0,141.0,0.1213980815870698,0.124191576875,1328,84213.6953125
0.251,23.11,0.3102628290653229,67.0,121.0,0.1244174477091076,0.12368711875,1328,84087.75
0.14,23.11,0.3102628290653229,67.0,121.0,0.1244174477091076,0.12368711875,1328,84087.75
0.208,21.63,0.3051977455615997,73.0,119.0,0.1213892971796609,0.123182660625,1328,84106.55078125
0.183,21.63,0.3051977455615997,73.0,119.0,0.1213892971796609,0.123182660625,1328,84106.55078125
0.331,22.29,0.3015907406806946,74.0,134.0,0.1204162985086306,0.1226782025,1328,84286.73046875
0.256,22.29,0.3015907406806946,74.0,134.0,0.1204162985086306,0.1226782025,1328,84286.73046875
0.5,21.37,0.3052009046077728,64.0,138.0,0.1224562202995636,0.12166928625,1328,84337.8984375
0.325,22.51,0.2999166548252105,60.0,134.0,0.1206432729958977,0.121164828125,1328,84426.59765625
0.342,22.51,0.2999166548252105,60.0,134.0,0.1206432729958977,0.121164828125,1328,84426.59765625
0.32,22.51,0.2968217432498932,47.0,98.0,0.123310431838071,0.119766639875,1328,84367.75
0.171,22.51,0.2968217432498932,47.0,98.0,0.123310431838071,0.119766639875,1328,84367.75
0.187,22.31,0.2956365942955017,51.0,95.0,0.1208389861173766,0.11887290975,1328,84493.41015625
0.206,22.31,0.2956365942955017,51.0,95.0,0.1208389861173766,0.11887290975,1328,84493.41015625
0.156,22.81,0.2957816421985626,45.0,95.0,0.1226771250367027,0.117979179625,1328,84368.3046875
0.156,22.81,0.2957816421985626,45.0,95.0,0.1226771250367027,0.117979179625,1328,84368.3046875
0.276,21.23,0.2873847782611847,51.0,82.0,0.116955520929154,0.1170854495,1328,84279.83984375
0.252,21.97,0.2911123931407928,53.0,96.0,0.1189317217403681,0.116191719375,1328,84461.60546875
0.181,22.15,0.2920556962490082,53.0,96.0,0.1167029067874705,0.11529798925,1328,84291.234375
0.311,20.61,0.2827366590499878,59.0,110.0,0.1242986246942506,0.112616798875,1328,84048.296875
0.245,20.61,0.2827366590499878,59.0,110.0,0.1242986246942506,0.112616798875,1328,84048.296875
0.287,21.29,0.2880529761314392,70.0,120.0,0.1194629073142871,0.110829338625,1328,84322.01171875
0.286,21.29,0.2880529761314392,70.0,120.0,0.1194629073142871,0.110829338625,1328,84322.01171875
0.361,18.25,0.2787695527076721,60.0,124.0,0.1187694817781315,0.109041878375,1328,84363.3671875
0.223,21.39,0.2820070683956146,73.0,120.0,0.1269790903226137,0.107254418125,1328,84183.14453125
0.244,20.23,0.2618415057659149,67.0,108.0,0.1244508087719636,0.10457322775,1328,84236.4921875
0.119,20.23,0.2618415057659149,67.0,108.0,0.1244508087719636,0.10457322775,1328,84236.4921875
0.451,17.63,0.2591457664966583,60.0,128.0,0.1225392371415954,0.098317116875,1328,83989.765625
0.327,17.63,0.2591457664966583,60.0,128.0,0.1225392371415954,0.098317116875,1328,83989.765625
0.352,18.01,0.2620908319950104,60.0,128.0,0.1230595935796271,0.096529656625,1328,84020.27734375
0.492,18.01,0.2620908319950104,60.0,128.0,0.1230595935796271,0.096529656625,1328,84020.27734375
0.37,16.67,0.2611913383007049,57.0,122.0,0.1338434964418856,0.0956359265,1328,83878.15625
0.309,16.25,0.2607372105121612,79.0,128.0,0.1322849201906539,0.09384846625,1328,84036.34375
0.267,16.25,0.2607372105121612,79.0,128.0,0.1322849201906539,0.09384846625,1328,84036.34375
0.383,16.47,0.2537443339824676,64.0,149.0,0.1187479279030818,0.092061006,1328,84021.6328125
0.283,17.55,0.2335371077060699,67.0,133.0,0.1133598163723466,0.092061006,1328,84093.4140625
0.393,17.55,0.2335371077060699,67.0,133.0,0.1133598163723466,0.092061006,1328,84093.4140625
0.323,16.07,0.2332578748464584,84.0,123.0,0.1131117790937799,0.092061006,1328,84213.35546875
0.275,16.11,0.2382197827100753,75.0,140.0,0.1165063455700743,0.092061006,1328,84192.90234375
0.235,11.27,0.2365107834339141,76.0,132.0,0.1139945238829037,0.092061006,1328,84246.03125
0.233,16.35,0.2292196154594421,69.0,133.0,0.1261404454707958,0.092061006,1328,84531.41796875
0.259,16.35,0.2292196154594421,69.0,133.0,0.1261404454707958,0.092061006,1328,84531.41796875
0.378,16.63,0.2185357064008712,63.0,126.0,0.1204027683814164,0.092061006,1328,84364.16796875
0.277,16.79,0.2282535433769226,60.0,129.0,0.1180595129154696,0.092061006,1328,84500.97265625
0.469,16.55,0.2902509272098541,82.0,143.0,0.1311655342579323,0.15773445,1317,84328.15625
0.271,15.99,0.2933152019977569,55.0,158.0,0.1246556863188161,0.151614485,1317,84231.7265625
0.266,15.99,0.2933152019977569,55.0,158.0,0.1246556863188161,0.151614485,1317,84231.7265625
0.258,8.09,0.2865020930767059,58.0,141.0,0.1242948031786802,0.1485545025,1317,84478.5703125
0.073,17.87,0.2819717824459076,63.0,151.0,0.1253188103438285,0.14549452,1317,84132.0078125
0.023,17.87,0.2819717824459076,63.0,151.0,0.1253188103438285,0.14549452,1317,84132.0078125
0.451,15.25,0.2780636847019195,88.0,159.0,0.120479695498887,0.13588809375,1317,84092.0234375
0.309,15.69,0.2714920938014984,88.0,158.0,0.122898519039102,0.137204845625,1317,83670.703125
0.352,15.69,0.2714920938014984,88.0,158.0,0.122898519039102,0.137204845625,1317,83670.703125
0.209,17.23,0.2713818252086639,96.0,152.0,0.1260113120078507,0.1385215975,1317,83831.07421875
0.249,17.23,0.2713818252086639,96.0,152.0,0.1260113120078507,0.1385215975,1317,83831.07421875
0.012,16.73,0.3173432648181915,79.0,99.0,0.1272376030683375,0.14642210875,1317,84021.5703125
0.196,16.73,0.3173432648181915,79.0,99.0,0.1272376030683375,0.14642210875,1317,84021.5703125
0.393,15.27,0.306486576795578,58.0,146.0,0.125817909836755,0.147738860625,1317,84042.765625
0.287,15.27,0.306486576795578,58.0,146.0,0.125817909836755,0.147738860625,1317,84042.765625
0.29,16.69,0.3023385107517242,71.0,146.0,0.1220415681600054,0.150372364375,1317,84127.5078125
0.184,19.09,0.2937465012073517,72.0,125.0,0.138229242288128,0.153005868125,1317,83907.15625
0.652,31.59,0.2142207026481628,108.0,165.0,0.1253862724710508,0.13871815625,1317,83956.08203125
0.507,31.95,0.1845511347055435,106.0,130.0,0.1297689327189234,0.142691575,1317,84266.1484375
0.632,30.99,0.1662304103374481,96.0,152.0,0.1288172304629734,0.14666499375,1317,84359.546875
0.291,32.57,0.2235496640205383,105.0,122.0,0.1348923444748372,0.17845234375,1317,83596.55859375
0.397,31.41,0.2117479145526886,112.0,125.0,0.1354191232242466,0.1824257625,1317,83607.36328125
0.21,34.67,0.1914459317922592,117.0,134.0,0.1356512755156496,0.18639918125,1317,83638.65234375
0.417,34.77,0.154720589518547,111.0,170.0,0.1320026516914806,0.1878163225,1317,83909.015625
0.96,34.77,0.154720589518547,111.0,170.0,0.1320026516914806,0.1878163225,1317,83909.015625
0.909,28.61,0.3110433518886566,62.0,137.0,0.1315038643929122,0.18014749,1317,83972.546875
0.561,27.71,0.2668922543525696,71.0,121.0,0.1330871304204359,0.1775912125,1317,83926.76953125
0.408,31.11,0.2893887460231781,125.0,123.0,0.1297138631343696,0.175034935,1317,83864.72265625
0.231,31.11,0.2893887460231781,125.0,123.0,0.1297138631343696,0.175034935,1317,83864.72265625
0.587,29.65,0.244945153594017,143.0,159.0,0.132986634969655,0.1724786575,1317,83713.265625
0.481,29.65,0.244945153594017,143.0,159.0,0.132986634969655,0.1724786575,1317,83713.265625
0.718,32.43,0.2068231254816055,128.0,172.0,0.1318679004906582,0.1699223799999999,1317,83721.4375
0.925,32.43,0.2068231254816055,128.0,172.0,0.1318679004906582,0.1699223799999999,1317,83721.4375
1.613,28.21,0.1773218363523483,113.0,171.0,0.1315223928053144,0.1673661025,1317,83836.35546875
1.421,28.21,0.1773218363523483,113.0,171.0,0.1315223928053144,0.1673661025,1317,83836.35546875
0.83,32.33,0.1823209971189499,105.0,156.0,0.1332586038843894,0.164809825,1317,83846.22265625
1.483,29.27,0.1725700199604034,81.0,164.0,0.1338906735182728,0.1622535474999999,1317,84023.609375
0.939,25.95,0.3352317214012146,65.0,112.0,0.1312709450722584,0.1545847149999999,1317,83796.53515625
0.57,31.39,0.3479360342025757,57.0,74.0,0.1294782818413574,0.177559885,1317,83950.85546875
0.735,30.71,0.3568532764911651,72.0,117.0,0.1305121034384207,0.233735335,1317,83697.56640625
0.735,30.71,0.3568532764911651,72.0,117.0,0.1305121034384207,0.233735335,1317,83697.56640625
0.666,30.81,0.3650979101657867,59.0,103.0,0.1324463286141525,0.2391399012499999,1317,83567.12890625
0.602,28.19,0.3821475803852081,47.0,78.0,0.1319877207280112,0.2378620287499999,1317,83633.26171875
0.357,30.69,0.3647390007972717,48.0,95.0,0.1324087381362296,0.23764905,1317,83478.4140625
0.459,32.79,0.415699303150177,29.0,56.0,0.1290194690226963,0.22891692125,1317,83798.58984375
0.458,30.73,0.4222703874111175,32.0,44.0,0.1274735182524151,0.228277985,1317,83456.6015625
0.212,28.49,0.3633256256580353,15.0,66.0,0.1225239498416581,0.2548425454687499,1317,83774.07421875
0.265,24.39,0.3356868028640747,50.0,98.0,0.1142178870871057,0.2624704949999999,1317,84271.48046875
0.189,24.39,0.3356868028640747,50.0,98.0,0.1142178870871057,0.2624704949999999,1317,84271.48046875
0.148,25.57,0.3342165946960449,36.0,89.0,0.1109134182334708,0.25950075,1317,84351.18359375
0.31,25.57,0.3342165946960449,36.0,89.0,0.1109134182334708,0.25950075,1317,84351.18359375
0.631,21.33,0.3196474611759186,94.0,169.0,0.1304475069045874,0.145457463125,1317,84399.32421875
0.853,22.49,0.3109000325202942,86.0,166.0,0.1209635809064313,0.14622389875,1317,84540.74609375
0.796,21.27,0.2989313006401062,88.0,158.0,0.1220300093759603,0.146990334375,1317,84453.26953125
0.719,24.33,0.3339294493198395,96.0,159.0,0.117382512133097,0.14775677,1317,84476.625
0.376,26.57,0.3009503781795501,86.0,152.0,0.1159387379885465,0.1510146275,1317,84443.28125
0.499,26.57,0.3009503781795501,86.0,152.0,0.1159387379885465,0.1510146275,1317,84443.28125
0.659,25.27,0.3017205893993377,83.0,157.0,0.1159730577359238,0.15264355625,1317,84214.25390625
0.308,26.57,0.277574747800827,90.0,142.0,0.1109759758867831,0.154272485,1317,84260.40234375
0.228,27.71,0.3065462410449981,77.0,153.0,0.1137658871277191,0.15915927125,1317,84282.0859375
0.389,27.71,0.3065462410449981,77.0,153.0,0.1137658871277191,0.15915927125,1317,84282.0859375
0.659,25.19,0.2906405627727508,83.0,141.0,0.1162845320017776,0.1607882,1317,84336.7578125
0.947,23.29,0.2845921516418457,89.0,157.0,0.1172781365247836,0.16241712875,1317,84366.1015625
0.942,26.89,0.2791793048381805,91.0,175.0,0.1152476641548904,0.1640460575,1317,84249.29296875
1.115,29.47,0.2809948921203613,112.0,206.0,0.1300590783358052,0.188445855,1317,84019.75390625
0.764,29.47,0.2809948921203613,112.0,206.0,0.1300590783358052,0.188445855,1317,84019.75390625
1.137,30.63,0.2460252344608307,107.0,165.0,0.1308436468368431,0.187016275625,1317,83867.17578125
1.112,30.63,0.2460252344608307,107.0,165.0,0.1308436468368431,0.187016275625,1317,83867.17578125
0.824,30.91,0.2702087759971618,127.0,160.0,0.1290801018477316,0.181297958125,1317,83869.59765625
1.052,30.91,0.2702087759971618,127.0,160.0,0.1290801018477316,0.181297958125,1317,83869.59765625
1.568,29.91,0.2548005878925323,122.0,159.0,0.129633447587981,0.17986837875,1317,84024.171875
1.088,30.87,0.2273770123720169,109.0,161.0,0.129836213622687,0.1784387993749999,1317,83649.46875
1.647,30.87,0.2273770123720169,109.0,161.0,0.129836213622687,0.1784387993749999,1317,83649.46875
1.239,32.11,0.2348942905664444,108.0,146.0,0.1289570480584954,0.17700922,1317,83393.98828125
1.537,32.11,0.2348942905664444,108.0,146.0,0.1289570480584954,0.17700922,1317,83393.98828125
0.271,33.77,0.2474282830953598,84.0,134.0,0.1325683891772663,0.18179359,1317,83524.5546875
0.426,26.75,0.351629227399826,50.0,98.0,0.1244994327425817,0.212891995,1317,83613.328125
0.394,31.99,0.3186967670917511,62.0,87.0,0.1254173964261478,0.21528418,1317,83563.109375
0.387,31.61,0.2830591201782226,86.0,108.0,0.1233402192592482,0.2168012675,1317,83655.4453125
0.387,33.07,0.2777153253555298,92.0,113.0,0.1240797340869323,0.2175598112499999,1317,83700.86328125
0.428,33.07,0.2777153253555298,92.0,113.0,0.1240797340869323,0.2175598112499999,1317,83700.86328125
0.543,29.97,0.2331098467111587,89.0,116.0,0.121639542281668,0.218318355,1317,83668.921875
0.67,29.97,0.2331098467111587,89.0,116.0,0.121639542281668,0.218318355,1317,83668.921875
0.283,34.37,0.2486018389463424,99.0,116.0,0.1264036633510245,0.21907689875,1317,83907.8046875
0.437,34.37,0.2486018389463424,99.0,116.0,0.1264036633510245,0.21907689875,1317,83907.8046875
1.122,29.67,0.2388955354690551,82.0,140.0,0.1314102709293335,0.2198354424999999,1317,83926.58984375
1.269,29.67,0.2388955354690551,82.0,140.0,0.1314102709293335,0.2198354424999999,1317,83926.58984375
1.249,29.61,0.2317460626363754,72.0,143.0,0.1307554202601796,0.2205939862499999,1317,83890.3359375
0.562,28.51,0.3135411739349365,51.0,96.0,0.125783440793348,0.22514524875,1317,83681.37109375
0.993,23.71,0.3389636874198913,58.0,87.0,0.1275562938022071,0.2259037924999999,1317,83638.10546875
0.485,26.97,0.2997286021709442,50.0,84.0,0.1281374726807773,0.2371401122499999,1317,83999.640625
0.289,34.41,0.2784945666790008,53.0,84.0,0.1230077371000286,0.238528574,1317,83967.2421875
0.337,33.89,0.2553201913833618,74.0,100.0,0.1238963475937524,0.2413054975,1317,83600.5703125
0.506,33.89,0.2553201913833618,74.0,100.0,0.1238963475937524,0.2413054975,1317,83600.5703125
0.325,35.99,0.2534479796886444,73.0,103.0,0.1318929791449884,0.2426939592499999,1317,83570.8515625
0.517,35.99,0.2534479796886444,73.0,103.0,0.1318929791449884,0.2426939592499999,1317,83570.8515625
0.448,29.11,0.2200405299663543,69.0,94.0,0.1371559649707256,0.244082421,1317,83701.2109375
0.239,37.19,0.226460114121437,67.0,95.0,0.133694910316476,0.24547088275,1317,83749.3671875
0.484,37.19,0.226460114121437,67.0,95.0,0.133694910316476,0.24547088275,1317,83749.3671875
0.565,33.47,0.2108410894870758,58.0,107.0,0.1280599071488896,0.2482478062499999,1317,83620.87109375
0.335,36.45,0.1946604698896408,65.0,97.0,0.1272950694074383,0.2524131914999999,1317,83351.75
0.418,31.73,0.3121523559093475,28.0,80.0,0.1240989342332298,0.26490934725,1317,83415.7578125
0.494,31.19,0.4133133292198181,23.0,62.0,0.1223054677248407,0.3421780715625,1317,83579.68359375
0.259,30.97,0.3929625749588012,13.0,50.0,0.122563429176712,0.35958303875,1317,83583.94921875
0.224,25.21,0.328901082277298,39.0,97.0,0.1218045652906626,0.2620459225,1317,84384.37109375
0.248,25.21,0.328901082277298,39.0,97.0,0.1218045652906626,0.2620459225,1317,84384.37109375
0.212,26.03,0.3268384337425232,49.0,77.0,0.1233276089201997,0.260570755,1317,84471.08203125
0.188,26.03,0.3268384337425232,49.0,77.0,0.1233276089201997,0.260570755,1317,84471.08203125
0.182,24.47,0.332801878452301,39.0,83.0,0.1181404665113255,0.25762042,1317,84282.34375
0.121,24.47,0.332801878452301,39.0,83.0,0.1181404665113255,0.25762042,1317,84282.34375
0.306,24.07,0.3287494480609894,47.0,85.0,0.1205183385366114,0.2561452525,1317,84091.125
0.329,24.07,0.3287494480609894,47.0,85.0,0.1205183385366114,0.2561452525,1317,84091.125
0.257,23.81,0.3195309937000274,64.0,118.0,0.1184821799396915,0.2531949175,1317,84228.8359375
0.332,23.81,0.3195309937000274,64.0,118.0,0.1184821799396915,0.2531949175,1317,84228.8359375
0.514,22.69,0.3180299699306488,58.0,149.0,0.1226278319955715,0.25171975,1317,84356.7421875
0.483,23.01,0.3210953772068023,47.0,136.0,0.1226949617267879,0.2502445825,1317,84297.6953125
0.383,23.01,0.3210953772068023,47.0,136.0,0.1226949617267879,0.2502445825,1317,84297.6953125
0.277,23.43,0.3159161508083343,52.0,105.0,0.1228579208255604,0.248769415,1317,84174.75
0.166,23.43,0.3159161508083343,52.0,105.0,0.1228579208255604,0.248769415,1317,84174.75
0.243,22.29,0.3104940056800842,55.0,111.0,0.1208125503510148,0.2472942475,1317,84189.55078125
0.227,22.29,0.3104940056800842,55.0,111.0,0.1208125503510148,0.2472942475,1317,84189.55078125
0.372,22.47,0.3089480102062225,56.0,124.0,0.1201944067163816,0.24581908,1317,84365.73046875
0.263,22.47,0.3089480102062225,56.0,124.0,0.1201944067163816,0.24581908,1317,84365.73046875
0.521,21.75,0.3127399981021881,52.0,126.0,0.122573127515768,0.242868745,1317,84427.8984375
0.452,21.75,0.3127399981021881,52.0,126.0,0.122573127515768,0.242868745,1317,84427.8984375
0.398,22.67,0.3055868744850158,45.0,120.0,0.1207668916286884,0.2413935775,1317,84513.59765625
0.358,22.67,0.3055868744850158,45.0,120.0,0.1207668916286884,0.2413935775,1317,84513.59765625
0.34,22.57,0.3051894903182983,39.0,94.0,0.1226643413879338,0.23795607875,1317,84450.75
0.219,22.57,0.3051894903182983,39.0,94.0,0.1226643413879338,0.23795607875,1317,84450.75
0.216,23.03,0.3027438819408417,36.0,87.0,0.12063969512721,0.2359937475,1317,84578.41015625
0.21,23.03,0.3027438819408417,36.0,87.0,0.12063969512721,0.2359937475,1317,84578.41015625
0.148,23.07,0.3026359677314758,32.0,80.0,0.1222267001866777,0.2340314162499999,1317,84459.3046875
0.16,23.07,0.3026359677314758,32.0,80.0,0.1222267001866777,0.2340314162499999,1317,84459.3046875
0.164,21.61,0.2933149039745331,38.0,74.0,0.1176641359925608,0.232069085,1317,84368.83984375
0.263,22.11,0.2963640391826629,42.0,82.0,0.1194965369251597,0.23010675375,1317,84548.60546875
0.264,22.11,0.2963640391826629,42.0,82.0,0.1194965369251597,0.23010675375,1317,84548.60546875
0.218,22.47,0.295768529176712,43.0,91.0,0.1168620213866103,0.2281444225,1317,84372.234375
0.244,21.75,0.2914489507675171,45.0,100.0,0.1197636610466011,0.22618209125,1317,84145.109375
0.201,21.75,0.2914489507675171,45.0,100.0,0.1197636610466011,0.22618209125,1317,84145.109375
0.31,21.11,0.2870549857616424,52.0,109.0,0.1231616958975654,0.2222574287499999,1317,84130.296875
0.292,21.11,0.2870549857616424,52.0,109.0,0.1231616958975654,0.2222574287499999,1317,84130.296875
0.363,21.75,0.2945568859577179,51.0,112.0,0.1189043149352468,0.21833276625,1317,84413.01171875
0.275,19.31,0.2840829789638519,53.0,117.0,0.1166545301676184,0.21440810375,1317,84447.3671875
0.239,21.55,0.2936897873878479,60.0,100.0,0.12650585240729,0.21048344125,1317,84267.14453125
0.025,21.55,0.2936897873878479,60.0,100.0,0.12650585240729,0.21048344125,1317,84267.14453125
0.249,20.37,0.272613376379013,49.0,118.0,0.1235830458783038,0.20655877875,1317,84332.8671875
0.235,20.37,0.272613376379013,49.0,118.0,0.1235830458783038,0.20655877875,1317,84332.8671875
0.243,20.53,0.2691744565963745,54.0,106.0,0.1247772425412992,0.2045964475,1317,84323.4921875
0.162,20.53,0.2691744565963745,54.0,106.0,0.1247772425412992,0.2045964475,1317,84323.4921875
0.439,18.47,0.2655668556690216,55.0,125.0,0.122700296342321,0.19086012875,1317,84074.765625
0.351,17.67,0.2663749754428863,55.0,130.0,0.1237256552301746,0.18693546625,1317,84102.27734375
0.442,17.41,0.2660363018512726,50.0,125.0,0.1341775059699862,0.184973135,1317,83964.15625
0.344,17.07,0.2644258141517639,61.0,131.0,0.1328748762608488,0.1810484725,1317,84125.34375
0.274,17.07,0.2644258141517639,61.0,131.0,0.1328748762608488,0.1810484725,1317,84125.34375
0.389,16.91,0.2584768831729889,60.0,143.0,0.1196685358882773,0.17712381,1317,84100.6328125
0.355,17.95,0.2424116730690002,71.0,137.0,0.1127914256148094,0.17712381,1317,84175.4140625
0.397,17.95,0.2424116730690002,71.0,137.0,0.1127914256148094,0.17712381,1317,84175.4140625
0.316,17.35,0.2468622326850891,58.0,137.0,0.1118412315845016,0.17712381,1317,84180.3359375
0.41,16.13,0.2395205497741699,72.0,131.0,0.1145443765318305,0.17712381,1317,84299.35546875
0.28,16.41,0.2459706962108612,64.0,145.0,0.1166535389114735,0.17712381,1317,84283.90234375
0.273,16.91,0.2361962795257568,59.0,141.0,0.1259158626091091,0.17712381,1317,84620.41796875
0.221,16.91,0.2361962795257568,59.0,141.0,0.1259158626091091,0.17712381,1317,84620.41796875
0.359,17.13,0.2250385731458664,56.0,134.0,0.1203939542175167,0.17712381,1317,84461.16796875
0.362,17.13,0.2250385731458664,56.0,134.0,0.1203939542175167,0.17712381,1317,84461.16796875
0.287,17.15,0.2343547344207763,50.0,128.0,0.1196314170956477,0.17712381,1317,84590.97265625
0.401,34.75,0.4113602042198181,19.0,58.0,0.1227621585131099,0.116697819375,1312,83579.68359375
0.216,33.75,0.3947936296463012,11.0,49.0,0.1225634291768481,0.09831100375,1312,83583.94921875
0.307,28.87,0.404488205909729,12.0,39.0,0.1235271170734836,0.097676975625,1312,83751.37109375
0.344,32.91,0.371040791273117,23.0,61.0,0.123989259196223,0.089176774375,1312,83870.796875
0.328,29.21,0.4023292362689972,7.0,26.0,0.1190978139639719,0.0873719249999999,1312,83707.33984375
0.343,29.21,0.4023292362689972,7.0,26.0,0.1190978139639719,0.0873719249999999,1312,83707.33984375
0.525,28.27,0.3849685192108154,37.0,69.0,0.1210502758621657,0.0865984181249999,1312,83914.81640625
0.873,28.17,0.3812650740146637,46.0,103.0,0.1183864176274159,0.0863405825,1312,83999.90625
0.375,29.15,0.3653161823749542,35.0,98.0,0.1222374271378875,0.0848115259374999,1312,84201.5390625
0.499,28.57,0.3613283932209015,41.0,93.0,0.122360438108387,0.0843138118749999,1312,84021.24609375
0.39,25.21,0.3868631720542907,27.0,74.0,0.1219201116875166,0.08331838375,1312,84225.59375
0.256,28.13,0.3660192787647247,28.0,80.0,0.1208877488971533,0.082322955625,1312,84303.60546875
0.333,26.59,0.3589681386947632,23.0,78.0,0.1200730875135293,0.0818252415625,1312,84293.29296875
0.249,26.59,0.3589681386947632,23.0,78.0,0.1200730875135293,0.0818252415625,1312,84293.29296875
0.302,26.81,0.3585246503353119,28.0,69.0,0.1183495372534611,0.0813275275,1312,84406.52734375
0.23,27.87,0.3523515164852142,25.0,80.0,0.1203227564692362,0.0808298134375,1312,84380.3671875
0.179,27.87,0.3523515164852142,25.0,80.0,0.1203227564692362,0.0808298134375,1312,84380.3671875
0.215,28.09,0.3402115702629089,20.0,66.0,0.1226268998472808,0.0798343853124999,1312,84258.140625
0.136,28.09,0.3402115702629089,20.0,66.0,0.1226268998472808,0.0798343853124999,1312,84258.140625
0.204,26.97,0.335118681192398,20.0,62.0,0.1229499951005772,0.0793366712499999,1312,84282.30859375
0.209,28.59,0.34035125374794,22.0,61.0,0.1195154488086566,0.0788389571875,1312,84255.140625
0.283,26.93,0.3365998268127441,26.0,67.0,0.1182249858974858,0.078341243125,1312,84235.48046875
0.323,26.93,0.3365998268127441,26.0,67.0,0.1182249858974858,0.078341243125,1312,84235.48046875
0.279,25.93,0.3340438604354858,33.0,74.0,0.1164769124821406,0.0778435290625,1312,84289.671875
0.241,25.93,0.3340438604354858,33.0,74.0,0.1164769124821406,0.0778435290625,1312,84289.671875
0.219,26.35,0.330487996339798,32.0,96.0,0.1213276460768003,0.0768481009375,1312,84384.37109375
0.227,26.35,0.330487996339798,32.0,96.0,0.1213276460768003,0.0768481009375,1312,84384.37109375
0.207,28.39,0.3289136290550232,36.0,85.0,0.1221608966589379,0.076350386875,1312,84471.08203125
0.215,28.39,0.3289136290550232,36.0,85.0,0.1221608966589379,0.076350386875,1312,84471.08203125
0.175,25.73,0.3359405696392059,29.0,85.0,0.1183069953382637,0.07535495875,1312,84282.34375
0.111,25.73,0.3359405696392059,29.0,85.0,0.1183069953382637,0.07535495875,1312,84282.34375
0.232,25.97,0.3309026658535003,32.0,81.0,0.1208487376571103,0.0748572446875,1312,84091.125
0.232,25.59,0.3224224150180816,52.0,120.0,0.1184821799396915,0.0738618165625,1312,84228.8359375
0.53,23.97,0.3204014003276825,44.0,140.0,0.1226278319954353,0.0733641025,1312,84356.7421875
0.47,24.37,0.3238328695297241,37.0,119.0,0.1216892898082597,0.0728663884375,1312,84297.6953125
0.348,24.37,0.3238328695297241,37.0,119.0,0.1216892898082597,0.0728663884375,1312,84297.6953125
0.294,24.17,0.3198371529579162,36.0,103.0,0.1236544251441432,0.072368674375,1312,84174.75
0.15,24.17,0.3198371529579162,36.0,103.0,0.1236544251441432,0.072368674375,1312,84174.75
0.222,23.15,0.3142721354961395,49.0,97.0,0.1213942617177396,0.0718709603125,1312,84189.55078125
0.216,23.15,0.3142721354961395,49.0,97.0,0.1213942617177396,0.0718709603125,1312,84189.55078125
0.36,23.37,0.3115120530128479,53.0,130.0,0.1204162985085931,0.07137324625,1312,84365.73046875
0.285,23.37,0.3115120530128479,53.0,130.0,0.1204162985085931,0.07137324625,1312,84365.73046875
0.58,21.83,0.3124457895755768,41.0,138.0,0.1204749122261438,0.0708755321875,1312,84402.28125
0.523,22.81,0.314732164144516,40.0,114.0,0.1227556316691353,0.070377818125,1312,84427.8984375
0.498,22.81,0.314732164144516,40.0,114.0,0.1227556316691353,0.070377818125,1312,84427.8984375
0.388,23.89,0.3087067306041717,35.0,112.0,0.1211252361535513,0.0698801040625,1312,84513.59765625
0.341,23.89,0.3087067306041717,35.0,112.0,0.1211252361535513,0.0698801040625,1312,84513.59765625
0.283,23.73,0.3091996014118194,26.0,82.0,0.123310431838071,0.0695847734375,1312,84450.75
0.197,23.73,0.3091996014118194,26.0,82.0,0.123310431838071,0.0695847734375,1312,84450.75
0.217,23.53,0.3068553507328033,29.0,77.0,0.1212573604732615,0.069787156875,1312,84578.41015625
0.222,23.53,0.3068553507328033,29.0,77.0,0.1212573604732615,0.069787156875,1312,84578.41015625
0.185,24.47,0.3067317306995392,21.0,82.0,0.1227719783782821,0.0699895403125,1312,84459.3046875
0.146,24.47,0.3067317306995392,21.0,82.0,0.1227719783782821,0.0699895403125,1312,84459.3046875
0.165,22.95,0.2983976900577545,27.0,62.0,0.1185450777410486,0.07019192375,1312,84368.83984375
0.261,23.27,0.3010105788707733,28.0,78.0,0.1188683062791796,0.0703943071875,1312,84548.60546875
0.27,23.27,0.3010105788707733,28.0,78.0,0.1188683062791796,0.0703943071875,1312,84548.60546875
0.207,23.31,0.3007380068302154,34.0,82.0,0.1168620213866985,0.070596690625,1312,84372.234375
0.231,21.75,0.2952835857868194,31.0,92.0,0.1194740086793394,0.0707990740625,1312,84145.109375
0.195,21.75,0.2952835857868194,31.0,92.0,0.1194740086793394,0.0707990740625,1312,84145.109375
0.321,22.13,0.2925712168216705,39.0,103.0,0.1242253983101363,0.0712038409375,1312,84130.296875
0.305,22.13,0.2925712168216705,39.0,103.0,0.1242253983101363,0.0712038409375,1312,84130.296875
0.387,22.41,0.2986147999763489,38.0,102.0,0.1194445676088104,0.0716086078125,1312,84413.01171875
0.31,22.41,0.2986147999763489,38.0,102.0,0.1194445676088104,0.0716086078125,1312,84413.01171875
0.202,21.63,0.2896711528301239,37.0,99.0,0.1166545301676184,0.0720133746874999,1312,84447.3671875
0.259,22.49,0.2976346313953399,47.0,96.0,0.1255535183799699,0.0724181415625,1312,84267.14453125
0.064,22.49,0.2976346313953399,47.0,96.0,0.1255535183799699,0.0724181415625,1312,84267.14453125
0.239,21.41,0.2766235768795013,39.0,90.0,0.1247772425412992,0.073025291875,1312,84323.4921875
0.154,21.41,0.2766235768795013,39.0,90.0,0.1247772425412992,0.073025291875,1312,84323.4921875
0.476,18.85,0.2750559151172638,39.0,110.0,0.1208242475985969,0.0744419759375,1312,84074.765625
0.373,18.85,0.2750559151172638,39.0,110.0,0.1208242475985969,0.0744419759375,1312,84074.765625
0.36,15.91,0.2791959941387176,40.0,106.0,0.1222531720996689,0.074644359375,1312,83886.03125
0.39,18.63,0.2752238810062408,39.0,110.0,0.1233815923332208,0.0748467428124999,1312,84102.27734375
0.395,18.01,0.274396151304245,36.0,108.0,0.1340990093997967,0.07504912625,1312,83964.15625
0.323,17.31,0.2758904695510864,53.0,124.0,0.1332212984561356,0.0754538931249999,1312,84125.34375
0.264,17.31,0.2758904695510864,53.0,124.0,0.1332212984561356,0.0754538931249999,1312,84125.34375
0.418,17.43,0.2679726779460907,44.0,128.0,0.1189031079412324,0.07585866,1312,84100.6328125
0.334,18.85,0.2515137493610382,41.0,119.0,0.1133598163723466,0.07585866,1312,84175.4140625
0.409,18.85,0.2515137493610382,41.0,119.0,0.1133598163723466,0.07585866,1312,84175.4140625
0.352,18.17,0.2570399343967438,40.0,111.0,0.1118412315845016,0.07585866,1312,84180.3359375
0.403,16.89,0.2478950023651123,50.0,109.0,0.1144091561437033,0.07585866,1312,84299.35546875
0.346,16.89,0.2478950023651123,50.0,109.0,0.1144091561437033,0.07585866,1312,84299.35546875
0.306,16.29,0.2549270391464233,45.0,130.0,0.1165063455701623,0.07585866,1312,84283.90234375
0.282,10.65,0.2510273456573486,50.0,119.0,0.1158516188561512,0.07585866,1312,84338.03125
0.27,17.27,0.2469180673360824,43.0,125.0,0.1262947351330795,0.07585866,1312,84620.41796875
0.226,17.27,0.2469180673360824,43.0,125.0,0.1262947351330795,0.07585866,1312,84620.41796875
0.352,17.19,0.2365414351224899,43.0,128.0,0.1199887543916568,0.07585866,1312,84461.16796875
0.351,17.19,0.2365414351224899,43.0,128.0,0.1199887543916568,0.07585866,1312,84461.16796875
0.33,17.13,0.2457515001296997,34.0,115.0,0.1196314170956477,0.07585866,1312,84590.97265625
0.415,15.93,0.2903683185577392,45.0,109.0,0.1275924818026966,0.030676553,1311,84335.05078125
0.36,15.51,0.3236403167247772,12.0,28.0,0.1245667114853332,0.030676553,1311,84204.79296875
0.192,12.93,0.303214967250824,14.0,35.0,0.1226823553442381,0.030676553,1311,84268.27734375
0.092,12.93,0.303214967250824,14.0,35.0,0.1226823553442381,0.030676553,1311,84268.27734375
0.245,17.15,0.2934372723102569,19.0,42.0,0.1240193532224908,0.030676553,1311,84231.7265625
0.118,18.51,0.2820938527584076,36.0,97.0,0.1253188103436893,0.030676553,1311,84132.0078125
0.163,18.51,0.2820938527584076,36.0,97.0,0.1253188103436893,0.030676553,1311,84132.0078125
0.438,15.93,0.2779416143894195,36.0,71.0,0.1204796954989833,0.03143961425,1311,84092.0234375
0.434,15.93,0.2779416143894195,36.0,71.0,0.1204796954989833,0.03143961425,1311,84092.0234375
0.302,16.77,0.2707596719264984,36.0,71.0,0.1250444984041651,0.031821144875,1311,83670.703125
0.0,18.47,0.3174653351306915,18.0,56.0,0.1272296472010337,0.03449185925,1311,84021.5703125
0.334,18.47,0.3174653351306915,18.0,56.0,0.1272296472010337,0.03449185925,1311,84021.5703125
0.363,17.35,0.304899662733078,15.0,56.0,0.1258179098368109,0.034873389875,1311,84042.765625
0.221,17.35,0.304899662733078,15.0,56.0,0.1258179098368109,0.034873389875,1311,84042.765625
0.172,18.19,0.2998971045017242,14.0,47.0,0.1206499263643654,0.0356364511249999,1311,84127.5078125
0.482,18.19,0.2998971045017242,14.0,47.0,0.1206499263643654,0.0356364511249999,1311,84127.5078125
0.097,20.47,0.2913050949573517,14.0,35.0,0.140361994505025,0.036399512375,1311,83907.15625
0.304,34.11,0.2873135507106781,114.0,124.0,0.1297138631344733,0.0752155475,1311,83864.72265625
0.228,34.11,0.2873135507106781,114.0,124.0,0.1297138631344733,0.0752155475,1311,83864.72265625
0.557,32.05,0.245677575469017,128.0,161.0,0.132687732577368,0.07589466775,1311,83713.265625
0.49,32.05,0.245677575469017,128.0,161.0,0.132687732577368,0.07589466775,1311,83713.265625
0.657,35.79,0.2061517387628555,133.0,173.0,0.1319114667487199,0.076573788,1311,83721.4375
0.894,35.79,0.2061517387628555,133.0,173.0,0.1319114667487199,0.076573788,1311,83721.4375
1.577,29.31,0.1787866801023483,95.0,170.0,0.1312137673276657,0.07725290825,1311,83836.35546875
1.428,29.31,0.1787866801023483,95.0,170.0,0.1312137673276657,0.07725290825,1311,83836.35546875
0.781,34.63,0.1858610361814499,99.0,155.0,0.1332580503686861,0.0779320285,1311,83846.22265625
0.803,34.63,0.1858610361814499,99.0,155.0,0.1332580503686861,0.0779320285,1311,83846.22265625
1.481,30.65,0.1814201176166534,78.0,164.0,0.1339850723742396,0.07861114875,1311,84023.609375
0.454,33.29,0.3470815420150757,54.0,83.0,0.1298069208860252,0.0847909375,1311,83950.85546875
0.671,34.75,0.3552663624286651,66.0,113.0,0.1300300359725402,0.0903593125,1311,83697.56640625
0.683,34.75,0.3552663624286651,66.0,113.0,0.1300300359725402,0.0903593125,1311,83697.56640625
0.606,34.47,0.3665627539157867,58.0,94.0,0.132495030760662,0.0909598525,1311,83567.12890625
0.562,29.19,0.3828800022602081,55.0,93.0,0.1319877207278647,0.0912220675,1311,83633.26171875
0.397,34.79,0.3659597039222717,54.0,107.0,0.1331948033015954,0.09126577,1311,83478.4140625
0.36,33.79,0.4230028092861175,31.0,53.0,0.1274832748756039,0.0911494195,1311,83456.6015625
0.216,33.15,0.4120870232582092,21.0,45.0,0.126234227365535,0.09076111075,1311,83360.421875
0.086,36.65,0.4046313762664795,26.0,57.0,0.1233341350813967,0.090722279875,1311,83481.87109375
0.305,33.61,0.394556313753128,15.0,62.0,0.1276203385685707,0.090644618125,1311,83518.98828125
0.021,35.67,0.4030593037605285,26.0,66.0,0.1250182688236651,0.090592843625,1311,83529.046875
0.349,35.67,0.4030593037605285,26.0,66.0,0.1250182688236651,0.090592843625,1311,83529.046875
0.074,37.03,0.4027008414268493,23.0,47.0,0.1254601256135048,0.08994877978125,1311,83966.796875
0.282,35.27,0.3957882225513458,20.0,51.0,0.1247563660144223,0.0867931786875,1311,84097.83984375
0.245,19.43,0.3255299031734466,43.0,139.0,0.1074209138750909,0.0303931745,1311,84125.0390625
0.224,19.43,0.3255299031734466,43.0,139.0,0.1074209138750909,0.0303931745,1311,84125.0390625
0.153,21.27,0.3101131319999695,46.0,119.0,0.1094330027699348,0.029909263625,1311,84096.80859375
0.134,21.27,0.3101131319999695,46.0,119.0,0.1094330027699348,0.029909263625,1311,84096.80859375
0.218,21.13,0.3134036362171173,47.0,122.0,0.101599209010558,0.02942535275,1311,84102.3515625
0.172,21.13,0.3134036362171173,47.0,122.0,0.101599209010558,0.02942535275,1311,84102.3515625
0.206,21.17,0.320555180311203,41.0,127.0,0.1094410941005116,0.028941441875,1311,84109.265625
0.201,21.17,0.320555180311203,41.0,127.0,0.1094410941005116,0.028941441875,1311,84109.265625
0.245,20.47,0.3014142215251922,40.0,116.0,0.1089360950450681,0.028457531,1311,84280.90625
0.202,20.47,0.3014142215251922,40.0,116.0,0.1089360950450681,0.028457531,1311,84280.90625
0.238,20.37,0.3323093950748443,45.0,127.0,0.1135648190974708,0.02748970925,1311,83934.9765625
0.21,20.37,0.3323093950748443,45.0,127.0,0.1135648190974708,0.02748970925,1311,83934.9765625
0.279,19.75,0.3471290171146393,47.0,125.0,0.1098561435937026,0.027005798375,1311,84086.8671875
0.236,19.75,0.3471290171146393,47.0,125.0,0.1098561435937026,0.027005798375,1311,84086.8671875
0.193,20.07,0.3287652134895324,48.0,127.0,0.1106811463832387,0.0265218875,1311,84065.640625
0.143,20.07,0.3287652134895324,48.0,127.0,0.1106811463832387,0.0265218875,1311,84065.640625
0.26,20.25,0.3308296799659729,51.0,131.0,0.1089369729160753,0.026037976625,1311,84103.48046875
0.303,20.25,0.3308296799659729,51.0,131.0,0.1089369729160753,0.026037976625,1311,84103.48046875
0.201,19.49,0.3293937146663666,65.0,140.0,0.1066948994994044,0.025070154875,1311,83983.83984375
0.183,19.49,0.3293937146663666,65.0,140.0,0.1066948994994044,0.025070154875,1311,83983.83984375
0.291,18.99,0.3178115785121918,58.0,155.0,0.1091863325149303,0.024586244,1311,84015.10546875
0.168,18.99,0.3178115785121918,58.0,155.0,0.1091863325149303,0.024586244,1311,84015.10546875
0.226,19.65,0.3421333134174347,59.0,154.0,0.1078696297987405,0.024660881,1311,84000.1875
0.271,19.65,0.3421333134174347,59.0,154.0,0.1078696297987405,0.024660881,1311,84000.1875
0.444,19.33,0.3609622120857239,58.0,154.0,0.1110774651169652,0.024735518,1311,83909.69140625
0.492,19.33,0.3609622120857239,58.0,154.0,0.1110774651169652,0.024735518,1311,83909.69140625
0.677,18.77,0.3743861019611358,60.0,156.0,0.1115451249110773,0.024884792,1311,84105.80859375
0.384,18.57,0.3698365688323974,48.0,138.0,0.1128105506055861,0.025034066,1311,84041.3515625
0.397,18.05,0.3592211604118347,51.0,129.0,0.1120871901511273,0.025108703,1311,83938.03125
0.449,18.05,0.3592211604118347,51.0,129.0,0.1120871901511273,0.025108703,1311,83938.03125
0.336,18.71,0.3502962589263916,52.0,140.0,0.1133975819867428,0.02518334,1311,83951.75
0.239,18.71,0.3502962589263916,52.0,140.0,0.1133975819867428,0.02518334,1311,83951.75
0.527,17.33,0.3563048541545868,58.0,145.0,0.1145508588152839,0.025407251,1311,84018.1796875
0.3,18.03,0.3583894073963165,52.0,131.0,0.1205260341483891,0.025556525,1311,84212.02734375
0.19,18.03,0.3583894073963165,52.0,131.0,0.1205260341483891,0.025556525,1311,84212.02734375
0.254,16.79,0.3575444221496582,51.0,135.0,0.1178133189677693,0.025631162,1311,83949.04296875
0.148,16.79,0.3575444221496582,51.0,135.0,0.1178133189677693,0.025631162,1311,83949.04296875
0.256,17.03,0.3627084493637085,62.0,137.0,0.1193254643640041,0.025705799,1311,83994.2265625
0.228,17.03,0.3627084493637085,62.0,137.0,0.1193254643640041,0.025705799,1311,83994.2265625
0.582,15.87,0.3525775969028473,61.0,159.0,0.1174135471875357,0.025780436,1311,84221.16015625
0.777,15.87,0.3525775969028473,61.0,159.0,0.1174135471875357,0.025780436,1311,84221.16015625
0.56,15.99,0.3672854006290436,43.0,133.0,0.1152212098240825,0.02394459975,1311,84437.6484375
0.679,15.99,0.3672854006290436,43.0,133.0,0.1152212098240825,0.02394459975,1311,84437.6484375
0.324,16.17,0.3681322336196899,63.0,115.0,0.1270118240926555,0.02321026525,1311,84533.3125
0.279,16.17,0.3681322336196899,63.0,115.0,0.1270118240926555,0.02321026525,1311,84533.3125
0.204,17.57,0.3494506478309631,53.0,142.0,0.1190498396753338,0.02247593075,1311,84501.859375
0.164,17.57,0.3494506478309631,53.0,142.0,0.1190498396753338,0.02247593075,1311,84501.859375
0.228,17.61,0.3407259583473205,51.0,130.0,0.1179502829909716,0.0221087635,1311,84321.56640625
0.164,17.61,0.3407259583473205,51.0,130.0,0.1179502829909716,0.0221087635,1311,84321.56640625
0.218,18.33,0.3435221910476684,63.0,125.0,0.1147282198071453,0.02174159625,1311,84442.3046875
0.134,18.33,0.3435221910476684,63.0,125.0,0.1147282198071453,0.02174159625,1311,84442.3046875
0.301,18.01,0.3326205313205719,59.0,137.0,0.1137745529413096,0.021374429,1311,84253.86328125
0.244,18.01,0.3326205313205719,59.0,137.0,0.1137745529413096,0.021374429,1311,84253.86328125
0.227,18.69,0.3330309987068176,50.0,134.0,0.1130197420716259,0.0206400945,1311,83846.78125
0.271,18.69,0.3330309987068176,50.0,134.0,0.1130197420716259,0.0206400945,1311,83846.78125
0.195,18.37,0.3440607190132141,49.0,109.0,0.1125269791977387,0.01990576,1311,83872.8828125
0.074,18.37,0.3440607190132141,49.0,109.0,0.1125269791977387,0.01990576,1311,83872.8828125
0.295,17.69,0.3414787948131561,57.0,124.0,0.1126847079814479,0.02126665075,1311,83750.51171875
0.33,17.69,0.3414787948131561,57.0,124.0,0.1126847079814479,0.02126665075,1311,83750.51171875
0.54,17.11,0.3627308011054992,56.0,150.0,0.1162203699350227,0.02398843225,1311,83919.88671875
0.462,17.11,0.3627308011054992,56.0,150.0,0.1162203699350227,0.02398843225,1311,83919.88671875
0.648,15.27,0.3481562435626983,62.0,145.0,0.1162150427699062,0.02671021375,1311,84220.10546875
0.273,18.39,0.3382548093795776,58.0,134.0,0.1204902529717694,0.02943199525,1311,84134.98046875
0.061,18.39,0.3382548093795776,58.0,134.0,0.1204902529717694,0.02943199525,1311,84134.98046875
0.235,18.33,0.322332352399826,53.0,128.0,0.1186710521579183,0.030792886,1311,84125.6796875
0.041,18.33,0.322332352399826,53.0,128.0,0.1186710521579183,0.030792886,1311,84125.6796875
0.17,19.09,0.3007517158985138,41.0,123.0,0.1167585030198899,0.03215377675,1311,84106.80859375
0.012,19.09,0.3007517158985138,41.0,123.0,0.1167585030198899,0.03215377675,1311,84106.80859375
0.598,18.33,0.3128682672977447,48.0,106.0,0.1113608035749415,0.0335146675,1311,84189.04296875
0.481,18.33,0.3128682672977447,48.0,106.0,0.1113608035749415,0.0335146675,1311,84189.04296875
0.26,21.15,0.3307503759860992,43.0,111.0,0.10930787771939,0.03759733975,1311,84141.17578125
0.073,21.15,0.3307503759860992,43.0,111.0,0.10930787771939,0.03759733975,1311,84141.17578125
0.243,21.07,0.3238472640514374,45.0,109.0,0.1087798368301801,0.0389582305,1311,84009.10546875
0.22,21.07,0.3238472640514374,45.0,109.0,0.1087798368301801,0.0389582305,1311,84009.10546875
0.426,20.01,0.3117460310459137,61.0,112.0,0.1097523272037383,0.04031912125,1311,84150.4765625
0.281,20.01,0.3117460310459137,61.0,112.0,0.1097523272037383,0.04031912125,1311,84150.4765625
0.38,21.55,0.3102620244026184,63.0,162.0,0.1076884774785302,0.0409524096875,1311,84057.828125
0.266,21.55,0.3102620244026184,63.0,162.0,0.1076884774785302,0.0409524096875,1311,84057.828125
0.336,20.99,0.3386258780956268,61.0,139.0,0.1103054349388018,0.040224807375,1311,83980.1953125
0.375,20.99,0.3386258780956268,61.0,139.0,0.1103054349388018,0.040224807375,1311,83980.1953125
0.291,21.91,0.3385829031467438,60.0,144.0,0.1146492579760899,0.0394972050625,1311,84051.109375
0.353,21.91,0.3385829031467438,60.0,144.0,0.1146492579760899,0.0394972050625,1311,84051.109375
0.359,20.11,0.3150142729282379,62.0,142.0,0.1184346620334316,0.03876960275,1311,84092.50390625
0.235,20.11,0.3150142729282379,62.0,142.0,0.1184346620334316,0.03876960275,1311,84092.50390625
0.454,19.89,0.3345396518707275,61.0,147.0,0.1186082477301908,0.0380420004375,1311,83879.9296875
0.547,19.89,0.3345396518707275,61.0,147.0,0.1186082477301908,0.0380420004375,1311,83879.9296875
0.583,20.49,0.3489661514759063,63.0,145.0,0.1100897043944161,0.037314398125,1311,83800.75390625
0.57,20.49,0.3489661514759063,63.0,145.0,0.1100897043944161,0.037314398125,1311,83800.75390625
0.559,21.35,0.3579745888710022,62.0,141.0,0.1092929985410576,0.0358591935,1311,83643.85546875
0.469,21.35,0.3579745888710022,62.0,141.0,0.1092929985410576,0.0358591935,1311,83643.85546875
0.313,22.87,0.3480977118015289,60.0,107.0,0.1151859753865015,0.0322211819374999,1311,83846.98046875
0.261,22.87,0.3480977118015289,60.0,107.0,0.1151859753865015,0.0322211819374999,1311,83846.98046875
0.455,18.29,0.3556631505489349,58.0,120.0,0.1145784502806589,0.031493579625,1311,83682.47265625
0.447,18.29,0.3556631505489349,58.0,120.0,0.1145784502806589,0.031493579625,1311,83682.47265625
0.461,21.05,0.3486619293689728,61.0,115.0,0.119729522164504,0.0307659773124999,1311,84040.87109375
0.482,21.05,0.3486619293689728,61.0,115.0,0.119729522164504,0.0307659773124999,1311,84040.87109375
0.452,22.31,0.3453671634197235,52.0,99.0,0.1196133915502534,0.030038375,1311,83963.78515625
0.514,22.31,0.3453671634197235,52.0,99.0,0.1196133915502534,0.030038375,1311,83963.78515625
0.491,23.35,0.3286172747611999,36.0,98.0,0.1240985989570037,0.0304797765624999,1311,84185.2734375
0.778,23.35,0.3286172747611999,36.0,98.0,0.1240985989570037,0.0304797765624999,1311,84185.2734375
0.665,20.45,0.359463483095169,91.0,156.0,0.1292438051839455,0.03533519375,1311,84454.6640625
0.543,23.25,0.3378359377384186,96.0,171.0,0.1314863519771228,0.0357765953125,1311,84399.32421875
0.884,23.35,0.3376334309577942,90.0,177.0,0.1220750273296776,0.036217996875,1311,84540.74609375
0.76,22.51,0.3235895037651062,88.0,172.0,0.1212439090013906,0.0366593984375,1311,84453.26953125
0.772,25.41,0.3505310118198395,92.0,170.0,0.1164346486330419,0.0371008,1311,84476.625
0.349,27.79,0.3351300656795501,83.0,164.0,0.1158367022872356,0.0377306685625,1311,84443.28125
0.449,27.79,0.3351300656795501,83.0,164.0,0.1158367022872356,0.0377306685625,1311,84443.28125
0.547,26.85,0.3334588706493377,76.0,163.0,0.1158134788274275,0.03804560284375,1311,84214.25390625
0.314,28.15,0.306993693113327,99.0,151.0,0.112131010250495,0.038360537125,1311,84260.40234375
0.237,29.33,0.3297396004199981,79.0,149.0,0.1138015314937369,0.03930533996875,1311,84282.0859375
0.421,29.33,0.3297396004199981,79.0,149.0,0.1138015314937369,0.03930533996875,1311,84282.0859375
0.63,26.63,0.3123690783977508,85.0,159.0,0.1166445985436827,0.03962027425,1311,84336.7578125
0.949,24.73,0.3093724250793457,88.0,166.0,0.1175524964929017,0.03993520853125,1311,84366.1015625
0.793,27.77,0.3144576251506805,83.0,172.0,0.1152407452463974,0.0402501428125,1311,84249.29296875
1.202,31.07,0.2885632514953613,93.0,195.0,0.1297194974914576,0.0501072285,1311,84019.75390625
0.683,31.07,0.2885632514953613,93.0,195.0,0.1297194974914576,0.0501072285,1311,84019.75390625
1.104,33.39,0.2566453516483307,82.0,170.0,0.1308649480342718,0.0504732949375,1311,83867.17578125
1.057,33.39,0.2566453516483307,82.0,170.0,0.1308649480342718,0.0504732949375,1311,83867.17578125
0.653,33.91,0.2829040884971618,96.0,164.0,0.1294470280409289,0.0519375606875,1311,83869.59765625
0.95,33.91,0.2829040884971618,96.0,164.0,0.1294470280409289,0.0519375606875,1311,83869.59765625
1.498,31.99,0.2679841816425323,93.0,170.0,0.1293070614337374,0.052303627125,1311,84024.171875
1.521,31.99,0.2679841816425323,93.0,170.0,0.1293070614337374,0.052303627125,1311,84024.171875
1.07,32.07,0.2457485944032669,80.0,170.0,0.128788296343459,0.0526696935625,1311,83649.46875
1.481,32.07,0.2457485944032669,80.0,170.0,0.128788296343459,0.0526696935625,1311,83649.46875
1.2,34.75,0.2505803406238556,71.0,154.0,0.1283933873933751,0.05303576,1311,83393.98828125
1.483,34.75,0.2505803406238556,71.0,154.0,0.1283933873933751,0.05303576,1311,83393.98828125
0.118,36.61,0.265494704246521,79.0,142.0,0.1325683891773075,0.0542848525,1311,83524.5546875
0.403,28.83,0.356389969587326,42.0,105.0,0.1253589836083766,0.06240395375,1311,83613.328125
0.356,34.73,0.3305375874042511,47.0,102.0,0.1254173924395569,0.0630285,1311,83563.109375
0.348,34.13,0.2963647842407226,46.0,111.0,0.1247492134570548,0.06520457425,1311,83655.4453125
0.392,34.13,0.2963647842407226,46.0,111.0,0.1247492134570548,0.06520457425,1311,83655.4453125
0.212,37.97,0.2891899347305298,42.0,112.0,0.1240038068015502,0.066292611375,1311,83700.86328125
0.399,37.97,0.2891899347305298,42.0,112.0,0.1240038068015502,0.066292611375,1311,83700.86328125
0.537,32.27,0.2442182451486587,49.0,104.0,0.1246940531976295,0.0673806485,1311,83668.921875
0.642,32.27,0.2442182451486587,49.0,104.0,0.1246940531976295,0.0673806485,1311,83668.921875
0.226,37.59,0.2608698904514313,69.0,118.0,0.1260742843151511,0.068468685625,1311,83907.8046875
0.419,37.59,0.2608698904514313,69.0,118.0,0.1260742843151511,0.068468685625,1311,83907.8046875
1.042,32.03,0.2514687776565552,71.0,144.0,0.1314002552125017,0.06955672275,1311,83926.58984375
1.312,32.03,0.2514687776565552,71.0,144.0,0.1314002552125017,0.06955672275,1311,83926.58984375
1.252,31.39,0.2460282891988754,57.0,151.0,0.1317060853216435,0.070644759875,1311,83890.3359375
0.521,32.63,0.3230626583099365,37.0,102.0,0.1268076747655332,0.077172982625,1311,83681.37109375
0.941,26.55,0.3451892733573913,51.0,90.0,0.1279011764519794,0.07826101975,1311,83638.10546875
0.46,30.61,0.3048555552959442,41.0,98.0,0.1276703774929867,0.0786752255,1311,83999.640625
0.227,36.49,0.2860629260540008,38.0,98.0,0.1230077371000286,0.0784235299999999,1311,83967.2421875
0.316,36.87,0.2680155038833618,30.0,87.0,0.1254044026136815,0.077920139,1311,83600.5703125
0.239,39.41,0.2607721984386444,33.0,79.0,0.1318929791451407,0.0776684435,1311,83570.8515625
0.32,33.59,0.2304165065288543,36.0,81.0,0.1370690014371959,0.077416748,1311,83701.2109375
0.224,40.59,0.238972321152687,40.0,87.0,0.1334904730320835,0.0771650525,1311,83749.3671875
0.397,40.59,0.238972321152687,40.0,87.0,0.1334904730320835,0.0771650525,1311,83749.3671875
0.532,36.01,0.2246350347995758,43.0,100.0,0.1280952543021072,0.0766616614999999,1311,83620.87109375
0.273,39.29,0.2160838097333908,41.0,98.0,0.1285648047923041,0.0772835964374999,1311,83351.75
0.367,33.79,0.3269228637218475,21.0,81.0,0.1240989342333125,0.08121493340625,1311,83415.7578125
0.498,37.13,0.3865127563476562,16.0,45.0,0.1219669133425164,0.08995123778125,1311,83672.5625
0.216,33.63,0.3949277102947235,13.0,27.0,0.12501951539934,0.0887338691666666,1311,83587.8359375
0.177,34.37,0.3947936296463012,13.0,53.0,0.1242549498945831,0.0831062516666666,1311,83583.94921875
0.394,33.05,0.371040791273117,20.0,59.0,0.1240999549628157,0.074589247875,1311,83870.796875
0.214,30.65,0.4023292362689972,8.0,27.0,0.1195162909650893,0.076248723,1311,83707.33984375
0.384,23.57,0.3868631720542907,34.0,97.0,0.1219243630767273,0.0739280565,1311,84225.59375
0.263,28.67,0.3660192787647247,35.0,91.0,0.1208877488969816,0.07181945175,1311,84303.60546875
0.344,26.81,0.3589681386947632,34.0,93.0,0.1200730875133907,0.070765149375,1311,84293.29296875
0.263,26.81,0.3589681386947632,34.0,93.0,0.1200730875133907,0.070765149375,1311,84293.29296875
0.31,28.05,0.3585246503353119,34.0,93.0,0.1183495372533297,0.069710847,1311,84406.52734375
0.349,28.05,0.3585246503353119,34.0,93.0,0.1183495372533297,0.069710847,1311,84406.52734375
0.238,28.49,0.3523515164852142,31.0,93.0,0.1217098110019297,0.068656544625,1311,84380.3671875
0.245,28.49,0.3523515164852142,31.0,93.0,0.1217098110019297,0.068656544625,1311,84380.3671875
0.216,28.85,0.3402115702629089,17.0,75.0,0.1226575666257193,0.066547939875,1311,84258.140625
0.161,28.85,0.3402115702629089,17.0,75.0,0.1226575666257193,0.066547939875,1311,84258.140625
0.178,26.89,0.335118681192398,15.0,59.0,0.1229499951004844,0.0654936375,1311,84282.30859375
0.236,26.89,0.335118681192398,15.0,59.0,0.1229499951004844,0.0654936375,1311,84282.30859375
0.212,29.11,0.34035125374794,12.0,54.0,0.1195154488087522,0.064439335125,1311,84255.140625
0.264,27.43,0.3365998268127441,11.0,46.0,0.1188644170761503,0.06338503275,1311,84235.48046875
0.337,27.43,0.3365998268127441,11.0,46.0,0.1188644170761503,0.06338503275,1311,84235.48046875
0.301,26.27,0.3340438604354858,11.0,44.0,0.1169976355211167,0.062330730375,1311,84289.671875
0.218,26.27,0.3340438604354858,11.0,44.0,0.1169976355211167,0.062330730375,1311,84289.671875
0.21,26.05,0.330487996339798,5.0,38.0,0.1228465288877895,0.060222125625,1311,84384.37109375
0.242,26.05,0.330487996339798,5.0,38.0,0.1228465288877895,0.060222125625,1311,84384.37109375
0.182,28.75,0.3289136290550232,1.0,22.0,0.1221608966590193,0.05916782325,1311,84471.08203125
0.195,28.75,0.3289136290550232,1.0,22.0,0.1221608966590193,0.05916782325,1311,84471.08203125
0.487,19.29,0.2750559151172638,28.0,84.0,0.1208242475987257,0.035727618125,1311,84074.765625
0.323,19.29,0.2750559151172638,28.0,84.0,0.1208242475987257,0.035727618125,1311,84074.765625
0.341,17.13,0.2791959941387176,31.0,89.0,0.1222531720995766,0.03538041925,1311,83886.03125
0.38,18.97,0.2752238810062408,29.0,95.0,0.1239624843001777,0.035033220375,1311,84102.27734375
0.363,18.33,0.274396151304245,24.0,90.0,0.1341775059700458,0.0346860215,1311,83964.15625
0.391,18.33,0.274396151304245,24.0,90.0,0.1341775059700458,0.0346860215,1311,83964.15625
0.358,17.65,0.2758904695510864,31.0,92.0,0.1332196741419442,0.03399162375,1311,84125.34375
0.284,17.65,0.2758904695510864,31.0,92.0,0.1332196741419442,0.03399162375,1311,84125.34375
0.416,18.27,0.2679726779460907,62.0,107.0,0.1189089448312701,0.033297226,1311,84100.6328125
0.356,18.85,0.2515137493610382,83.0,126.0,0.1127725765109787,0.033297226,1311,84175.4140625
0.357,18.85,0.2515137493610382,83.0,126.0,0.1127725765109787,0.033297226,1311,84175.4140625
0.312,17.43,0.2478950023651123,113.0,159.0,0.1144091561436118,0.033297226,1311,84299.35546875
0.344,17.43,0.2478950023651123,113.0,159.0,0.1144091561436118,0.033297226,1311,84299.35546875
0.287,17.19,0.2549270391464233,104.0,172.0,0.1168411821126443,0.033297226,1311,84283.90234375
0.328,17.59,0.2469180673360824,89.0,161.0,0.1257178634406,0.033297226,1311,84620.41796875
0.215,17.59,0.2469180673360824,89.0,161.0,0.1257178634406,0.033297226,1311,84620.41796875
0.36,17.97,0.2365414351224899,84.0,157.0,0.1199887543916194,0.033297226,1311,84461.16796875
0.341,17.97,0.2365414351224899,84.0,157.0,0.1199887543916194,0.033297226,1311,84461.16796875
0.308,17.63,0.2457515001296997,83.0,151.0,0.1195615129813155,0.033297226,1311,84590.97265625
0.431,17.63,0.2457515001296997,83.0,151.0,0.1195615129813155,0.033297226,1311,84590.97265625
0.317,15.69,0.2903683185577392,53.0,143.0,0.1280662108094619,0.11148859,1341,84335.05078125
0.082,15.69,0.2903683185577392,53.0,143.0,0.1280662108094619,0.11148859,1341,84335.05078125
0.27,16.41,0.2934372723102569,44.0,118.0,0.1239019596263709,0.11148859,1341,84231.7265625
0.275,16.41,0.2934372723102569,44.0,118.0,0.1239019596263709,0.11148859,1341,84231.7265625
0.49,14.69,0.2779416143894195,38.0,114.0,0.1214648038148312,0.110684565,1341,84092.0234375
0.299,17.49,0.2707714736461639,41.0,113.0,0.1241243483092079,0.10988054,1341,83831.07421875
0.287,17.49,0.2707714736461639,41.0,113.0,0.1241243483092079,0.10988054,1341,83831.07421875
0.404,16.51,0.304899662733078,16.0,81.0,0.1262236684561643,0.1070664524999999,1341,84042.765625
0.31,16.51,0.304899662733078,16.0,81.0,0.1262236684561643,0.1070664524999999,1341,84042.765625
0.187,17.63,0.2998971045017242,26.0,74.0,0.120099015533868,0.1062624275,1341,84127.5078125
0.415,17.63,0.2998971045017242,26.0,74.0,0.120099015533868,0.1062624275,1341,84127.5078125
0.108,19.23,0.2913050949573517,21.0,67.0,0.1400178670883644,0.1054584024999999,1341,83907.15625
